-- --------------------------------------------------------
-- Host:                         127.0.0.1
-- Versión del servidor:         5.5.25a - MySQL Community Server (GPL)
-- SO del servidor:              Win32
-- HeidiSQL Versión:             9.4.0.5125
-- --------------------------------------------------------

/*!40101 SET @OLD_CHARACTER_SET_CLIENT=@@CHARACTER_SET_CLIENT */;
/*!40101 SET NAMES utf8 */;
/*!50503 SET NAMES utf8mb4 */;
/*!40014 SET @OLD_FOREIGN_KEY_CHECKS=@@FOREIGN_KEY_CHECKS, FOREIGN_KEY_CHECKS=0 */;
/*!40101 SET @OLD_SQL_MODE=@@SQL_MODE, SQL_MODE='NO_AUTO_VALUE_ON_ZERO' */;

-- Volcando estructura para tabla k2.cadetes
CREATE TABLE IF NOT EXISTS `cadetes` (
  `id` int(11) NOT NULL AUTO_INCREMENT,
  `usuario` varchar(50) DEFAULT NULL,
  `id_comercio` int(11) DEFAULT NULL,
  `fchalta` timestamp NULL DEFAULT CURRENT_TIMESTAMP ON UPDATE CURRENT_TIMESTAMP,
  PRIMARY KEY (`id`)
) ENGINE=InnoDB AUTO_INCREMENT=2 DEFAULT CHARSET=latin1;

-- Volcando datos para la tabla k2.cadetes: ~1 rows (aproximadamente)
/*!40000 ALTER TABLE `cadetes` DISABLE KEYS */;
INSERT INTO `cadetes` (`id`, `usuario`, `id_comercio`, `fchalta`) VALUES
	(1, 'kdt-2', 1, '2019-01-24 14:46:12');
/*!40000 ALTER TABLE `cadetes` ENABLE KEYS */;

-- Volcando estructura para tabla k2.comercios
CREATE TABLE IF NOT EXISTS `comercios` (
  `id` int(11) NOT NULL AUTO_INCREMENT,
  `usuario` varchar(200) DEFAULT NULL,
  `descripcion` varchar(200) DEFAULT NULL,
  `lat` varchar(50) NOT NULL,
  `lng` varchar(50) NOT NULL,
  `logo` varchar(50) NOT NULL,
  `fchalta` timestamp NOT NULL DEFAULT CURRENT_TIMESTAMP ON UPDATE CURRENT_TIMESTAMP,
  PRIMARY KEY (`id`)
) ENGINE=InnoDB AUTO_INCREMENT=4 DEFAULT CHARSET=latin1;

-- Volcando datos para la tabla k2.comercios: ~3 rows (aproximadamente)
/*!40000 ALTER TABLE `comercios` DISABLE KEYS */;
INSERT INTO `comercios` (`id`, `usuario`, `descripcion`, `lat`, `lng`, `logo`, `fchalta`) VALUES
	(1, 'kdt', 'kdts', '', '', '', '2020-08-02 22:41:49'),
	(2, 'kdt-2', 'kdts-2', '', '', '', '2019-01-24 14:46:12'),
	(3, 'kdt-2', NULL, '', '', '', '2019-01-24 14:46:12');
/*!40000 ALTER TABLE `comercios` ENABLE KEYS */;

-- Volcando estructura para tabla k2.configuracion
CREATE TABLE IF NOT EXISTS `configuracion` (
  `version_db` int(11) NOT NULL,
  `version_fch_actualizacion` text,
  `fotos_ini` int(11) DEFAULT NULL,
  `fotos_fin` int(11) DEFAULT NULL,
  `metros_ini` int(11) DEFAULT NULL,
  `metros_fin` int(11) DEFAULT NULL
) ENGINE=InnoDB DEFAULT CHARSET=latin1;

-- Volcando datos para la tabla k2.configuracion: ~1 rows (aproximadamente)
/*!40000 ALTER TABLE `configuracion` DISABLE KEYS */;
INSERT INTO `configuracion` (`version_db`, `version_fch_actualizacion`, `fotos_ini`, `fotos_fin`, `metros_ini`, `metros_fin`) VALUES
	(23, '2019-01-14 11:19:09', -1, -1, 100, 100);
/*!40000 ALTER TABLE `configuracion` ENABLE KEYS */;

-- Volcando estructura para tabla k2.configuracion_usuario
CREATE TABLE IF NOT EXISTS `configuracion_usuario` (
  `usuario` text,
  `modo_seguro` int(11) NOT NULL DEFAULT '0',
  `id_configuracion_usuario` int(11) NOT NULL AUTO_INCREMENT,
  `intervalo` int(11) NOT NULL DEFAULT '5',
  PRIMARY KEY (`id_configuracion_usuario`)
) ENGINE=InnoDB AUTO_INCREMENT=5 DEFAULT CHARSET=latin1;

-- Volcando datos para la tabla k2.configuracion_usuario: ~4 rows (aproximadamente)
/*!40000 ALTER TABLE `configuracion_usuario` DISABLE KEYS */;
INSERT INTO `configuracion_usuario` (`usuario`, `modo_seguro`, `id_configuracion_usuario`, `intervalo`) VALUES
	('usuario', 1, 1, 5),
	('50928', 0, 2, 5),
	('50926', 0, 3, 5),
	('50842', 0, 4, 5);
/*!40000 ALTER TABLE `configuracion_usuario` ENABLE KEYS */;

-- Volcando estructura para tabla k2.creador1
CREATE TABLE IF NOT EXISTS `creador1` (
  `id` int(11) NOT NULL AUTO_INCREMENT,
  `titulo` varchar(800) DEFAULT NULL,
  `pk1` varchar(100) DEFAULT NULL,
  `pk2` varchar(100) DEFAULT NULL,
  `pk3` varchar(100) DEFAULT NULL,
  `pk4` varchar(100) DEFAULT NULL,
  `jsontxt` text,
  `fchalta` timestamp NULL DEFAULT CURRENT_TIMESTAMP ON UPDATE CURRENT_TIMESTAMP,
  `url` varchar(800) DEFAULT NULL,
  PRIMARY KEY (`id`)
) ENGINE=InnoDB AUTO_INCREMENT=2 DEFAULT CHARSET=latin1;

-- Volcando datos para la tabla k2.creador1: ~1 rows (aproximadamente)
/*!40000 ALTER TABLE `creador1` DISABLE KEYS */;
INSERT INTO `creador1` (`id`, `titulo`, `pk1`, `pk2`, `pk3`, `pk4`, `jsontxt`, `fchalta`, `url`) VALUES
	(1, 'prueba', 'a', 'b', 'c', 'd', '{"titulo":"prueba"}', '2020-04-06 09:22:40', 'http://localhost:4200/creador1');
/*!40000 ALTER TABLE `creador1` ENABLE KEYS */;

-- Volcando estructura para tabla k2.gasto
CREATE TABLE IF NOT EXISTS `gasto` (
  `idGasto` int(10) unsigned NOT NULL AUTO_INCREMENT,
  `monto` int(10) unsigned NOT NULL,
  `etiqueta` varchar(25) NOT NULL,
  `fecha` date NOT NULL,
  `descripcion` varchar(125) DEFAULT NULL,
  `usuario` varchar(20) DEFAULT NULL,
  PRIMARY KEY (`idGasto`)
) ENGINE=InnoDB AUTO_INCREMENT=26 DEFAULT CHARSET=latin1;

-- Volcando datos para la tabla k2.gasto: ~25 rows (aproximadamente)
/*!40000 ALTER TABLE `gasto` DISABLE KEYS */;
INSERT INTO `gasto` (`idGasto`, `monto`, `etiqueta`, `fecha`, `descripcion`, `usuario`) VALUES
	(1, 12, 'Transporte', '2015-07-01', 'Viaje al centro', NULL),
	(2, 200, 'Comida', '2015-06-15', 'Mercado mensual', NULL),
	(3, 100, 'Diversion', '2015-07-02', 'Salida a cine', NULL),
	(4, 25, 'Transporte', '2015-07-04', 'Compra de gasolina', NULL),
	(5, 5, 'Comida', '2015-07-06', 'Almuerzo de negocios', NULL),
	(6, 1000, 'Comida', '2015-07-11', '', NULL),
	(7, 1000, 'Comida', '2015-07-11', '', NULL),
	(8, 1000, 'Comida', '2015-07-11', '', NULL),
	(9, 1000, 'Comida', '2015-07-11', '', NULL),
	(10, 1000, 'Comida', '2015-07-11', '', NULL),
	(11, 1000, 'Comida', '2015-07-11', '', NULL),
	(12, 1000, 'Comida', '2015-07-11', '', NULL),
	(13, 1000, 'Comida', '2015-07-11', '', NULL),
	(14, 10, 'Comida', '2015-07-11', '', NULL),
	(15, 1000, 'Comida', '2015-07-11', '', NULL),
	(16, 10, 'Comida', '2015-07-11', 'nnnn', NULL),
	(17, 100, 'Comida', '2016-02-24', '', NULL),
	(18, 10, 'Comida', '2017-06-15', 'x1', NULL),
	(19, 10, 'Comida', '2015-07-11', '', NULL),
	(20, 5, 'Comida', '2015-07-11', '', NULL),
	(21, 8, 'Comida', '2015-07-11', '', NULL),
	(22, 1, 'Comida', '2015-07-11', 'usuario', NULL),
	(23, 14, 'Comida', '2015-07-11', 'prueba', NULL),
	(24, 1, 'Comida', '2015-07-11', '2', NULL),
	(25, 1, 'Comida', '2015-07-11', 'Q', 'julio@gmail');
/*!40000 ALTER TABLE `gasto` ENABLE KEYS */;

-- Volcando estructura para tabla k2.grupo
CREATE TABLE IF NOT EXISTS `grupo` (
  `id_grupo` int(11) NOT NULL AUTO_INCREMENT,
  `descripcion` varchar(200) NOT NULL,
  `fchalta` timestamp NOT NULL DEFAULT CURRENT_TIMESTAMP,
  PRIMARY KEY (`id_grupo`)
) ENGINE=InnoDB AUTO_INCREMENT=2 DEFAULT CHARSET=latin1;

-- Volcando datos para la tabla k2.grupo: ~1 rows (aproximadamente)
/*!40000 ALTER TABLE `grupo` DISABLE KEYS */;
INSERT INTO `grupo` (`id_grupo`, `descripcion`, `fchalta`) VALUES
	(1, 'Ot Grupo', '2019-10-29 00:08:33');
/*!40000 ALTER TABLE `grupo` ENABLE KEYS */;

-- Volcando estructura para tabla k2.grupo_ot
CREATE TABLE IF NOT EXISTS `grupo_ot` (
  `id_grupo_ot` int(11) NOT NULL AUTO_INCREMENT,
  `ot` int(11) NOT NULL,
  `id_grupo` int(11) NOT NULL,
  `fchalta` timestamp NOT NULL DEFAULT CURRENT_TIMESTAMP,
  PRIMARY KEY (`id_grupo_ot`),
  KEY `id_grupo_ot` (`id_grupo_ot`)
) ENGINE=InnoDB AUTO_INCREMENT=2 DEFAULT CHARSET=latin1;

-- Volcando datos para la tabla k2.grupo_ot: ~1 rows (aproximadamente)
/*!40000 ALTER TABLE `grupo_ot` DISABLE KEYS */;
INSERT INTO `grupo_ot` (`id_grupo_ot`, `ot`, `id_grupo`, `fchalta`) VALUES
	(1, 1021389, 1, '2019-10-29 00:09:29');
/*!40000 ALTER TABLE `grupo_ot` ENABLE KEYS */;

-- Volcando estructura para tabla k2.materiales
CREATE TABLE IF NOT EXISTS `materiales` (
  `id_material` int(11) NOT NULL AUTO_INCREMENT,
  `codigo` varchar(20) DEFAULT NULL,
  `desc_material` varchar(200) DEFAULT NULL,
  `observacion` varchar(1000) DEFAULT NULL,
  `umb` varchar(2) DEFAULT NULL,
  PRIMARY KEY (`id_material`)
) ENGINE=InnoDB AUTO_INCREMENT=1576 DEFAULT CHARSET=latin1;

-- Volcando datos para la tabla k2.materiales: ~1.542 rows (aproximadamente)
/*!40000 ALTER TABLE `materiales` DISABLE KEYS */;
INSERT INTO `materiales` (`id_material`, `codigo`, `desc_material`, `observacion`, `umb`) VALUES
	(2, 'T 30100011', 'ALAMBRE D/ACERO RECUBIERTO D/Cu D=3.26MM', NULL, 'KG'),
	(3, 'T 30100012', 'CABLE MULTIPAR CILIND. PAL  2200/0.40', NULL, 'M'),
	(4, 'T 30100013', 'CABLE  RELLENO CILIND. 10/0,40', NULL, 'M'),
	(5, 'T 30100014', 'CABLE RELLENO CILIND. 20/0,40', NULL, 'M'),
	(6, 'T 30100015', 'CABLE RELLENO CILIND. 30/0,40', NULL, 'M'),
	(7, 'T 30100016', 'CABLE RELLENO CILIND. 50/0,40', NULL, 'M'),
	(8, 'T 30100017', 'CABLE RELLENO CILIND. 100/0,40', NULL, 'M'),
	(9, 'T 30100018', 'CABLE RELLENO CILIND. 200/0,40', NULL, 'M'),
	(10, 'T 30100019', 'CABLE RELLENO CILIND. 300/0,40', NULL, 'M'),
	(11, 'T 30100020', 'CABLE RELLENO CILIND. 50/0,60', NULL, 'M'),
	(12, 'T 30100021', 'CABLE RELLENO CILIND. 100/0,60', NULL, 'M'),
	(13, 'T 30100022', 'CABLE RELLENO CILIND. 50/0,90', NULL, 'M'),
	(14, 'T 30100023', 'CABLE RELLENO CILIND. 100/090', NULL, 'M'),
	(15, 'T 30100024', 'CABLE MULTIPAR FORMA 8 RELLENO 10/0,40', NULL, 'M'),
	(16, 'T 30100025', 'CABLE MULTIPAR FORMA 8 RELLENO 20/0,40', NULL, 'M'),
	(17, 'T 30100026', 'CABLE MULTIPAR FORMA 8 RELLENO 30/0,40', NULL, 'M'),
	(18, 'T 30100027', 'CABLE MULTIPAR FORMA 8 RELLENO 50/0,40', NULL, 'M'),
	(19, 'T 30100028', 'CABLE MULTIPAR FORMA 8 RELLENO 100/0,40', NULL, 'M'),
	(20, 'T 30100029', 'CABLE MULTIPAR FORMA 8 RELLENO 200/0,40', NULL, 'M'),
	(21, 'T 30100030', 'CABLE MULTIPAR FORMA 8 RELLENO 300/0,40', NULL, 'M'),
	(22, 'T 30100031', 'CABLE MULTIPAR FORMA 8 RELLENO 10/0,60', NULL, 'M'),
	(23, 'T 30100032', 'CABLE MULTIPAR FORMA 8 RELLENO 20/0,60', NULL, 'M'),
	(24, 'T 30100033', 'CABLE MULTIPAR FORMA 8 RELLENO 30/0,60', NULL, 'M'),
	(25, 'T 30100034', 'CABLE MULTIPAR FORMA 8 RELLENO 50/0,60', NULL, 'M'),
	(26, 'T 30100035', 'CABLE MULTIPAR FORMA 8 RELLENO 100/0,60', NULL, 'M'),
	(27, 'T 30100036', 'CABLE MULTIPAR FORMA 8 RELLENO 200/0,60', NULL, 'M'),
	(28, 'T 30100037', 'CABLE MULTIPAR FORMA 8 RELLENO 20/0,90', NULL, 'M'),
	(29, 'T 30100038', 'CABLE MULTIPAR FORMA 8 RELLENO 30/0,90', NULL, 'M'),
	(30, 'T 30100039', 'CABLE MULTIPAR P/ENTERRAR 4/0,60', NULL, 'M'),
	(31, 'T 30100040', 'CABLE MULTIPAR P/ENTERRAR 10/0,60', NULL, 'M'),
	(32, 'T 30100041', 'CABLE MULTIPAR P/ENTERRAR 30/0,60', NULL, 'M'),
	(33, 'T 30100042', 'CABLE MULTIPAR P/ENTERRAR 50/0,60', NULL, 'M'),
	(34, 'T 30100043', 'CABLE MULTIPAR P/ENTERRAR 100/0,60', NULL, 'M'),
	(35, 'T 30100044', 'CABLE MULTIPAR P/ENTERRAR 200/0,60', NULL, 'M'),
	(36, 'T 30100045', 'CABLE MULTIPAR CILIND. PAL  100/0.40', NULL, 'M'),
	(37, 'T 30100046', 'CABLE MULTIPAR CILIND. PAL  200/0.40', NULL, 'M'),
	(38, 'T 30100047', 'CABLE MULTIPAR CILIND. PAL  300/0.40', NULL, 'M'),
	(39, 'T 30100048', 'CABLE MULTIPAR CILIND. PAL  600/0.40', NULL, 'M'),
	(40, 'T 30100049', 'CABLE MULTIPAR CILIND. PAL  100/0.60', NULL, 'M'),
	(41, 'T 30100050', 'CABLE MULTIPAR CILIND. PAL  200/0.60', NULL, 'M'),
	(42, 'T 30100051', 'CABLE MULTIPAR CILIND. PAL  300/0.60', NULL, 'M'),
	(43, 'T 30100052', 'CABLE MULTIPAR CILIND. PAL  600/0.60', NULL, 'M'),
	(44, 'T 30100053', 'CABLE MULTIPAR CILIND. PAL  100/0.90', NULL, 'M'),
	(45, 'T 30100054', 'CABLE MULTIPAR CILIND. PAL  900/0.60', NULL, 'M'),
	(46, 'T 30100055', 'CABLE MULTIPAR CILIND. PAL  900/0.40', NULL, 'M'),
	(47, 'T 30100056', 'CABLE MULTIPAR CILIND. PAL  1200/0.40', NULL, 'M'),
	(48, 'T 30100057', 'CABLE MULTIPAR CILIND. PAL  1800/0.40', NULL, 'M'),
	(49, 'T 30100058', 'CAB.TROZOS 100/200/300 0.40 L.E/40 Y 80M', NULL, 'M'),
	(50, 'T 30100059', 'CAB.TROZOS 600/900 0.40 LONG.E/40 Y 80 M', NULL, 'M'),
	(51, 'T 30100060', 'CAB.TROZOS 1200/1800 0.40 L.E/ 80 Y 100M', NULL, 'M'),
	(52, 'T 30100061', 'CAB.TROZOS 2200 0.40 LONG. E/ 80 Y 100 M', NULL, 'M'),
	(53, 'T 30100062', 'CABLE TROZO 100/0.6 CILIND. L=40a80 M', NULL, 'M'),
	(54, 'T 30100063', 'CAB.TROZOS 200/300 0.60 LONG. E/40 Y 80M', NULL, 'M'),
	(55, 'T 30100064', 'CAB.TROZO 600 0.6 900 0.9 L. E/80 Y 100M', NULL, 'M'),
	(56, 'T 30100065', 'CABLE T.50?100/0.6?50/0,90 C.REL. 40a80M', NULL, 'M'),
	(57, 'T 30100066', 'CAB.TROZOS 100 0.90 LONG. E/ 80 Y 100 M', NULL, 'M'),
	(58, 'T 30100067', 'CABLE UTP 4P,CAT5 D=0,51MM, COLOR MARFIL', NULL, 'M'),
	(59, 'T 30100068', 'CABLE STP 4P, CAT5 D=0,51MM, COLOR GRIS', NULL, 'M'),
	(60, 'T 30100069', 'CABLE 64 PARES/0,40 ESTA?ADO PVC/PVC', NULL, 'M'),
	(61, 'T 30100070', 'CABLE CONEXION A TIERRA P/BLINDAJE CABLE', NULL, 'UN'),
	(62, 'T 30100071', 'CABLE D/COBRE DESNUDO 50 MM2', NULL, 'M'),
	(63, 'T 30100074', 'CABLE DOBLE CRUZADA O,5 MM AZUL/AMARILLO', NULL, 'M'),
	(64, 'T 30100075', 'CABLE DOBLE CRUZADA O,5MM BLANCO/ANARAN.', NULL, 'M'),
	(65, 'T 30100076', 'CABLE DOBLE CRUZADA 0,5 MM BLANCO/NEGRO', NULL, 'M'),
	(66, 'T 30100077', 'ALAMBRE TRIPLE CRUZAD.0,5MM AZU/AMA/MAR', NULL, 'M'),
	(67, 'T 30100078', 'CABLE DOBLE CRUZADA 0,5MM ANARANJ./NEGRO', NULL, 'M'),
	(68, 'T 30100079', 'CABLE P/ INST.  INTERNA  D/1PAR,  MARFIL', NULL, 'M'),
	(69, 'T 30100082', 'CABLE 3 PARES/0,50 ESTA?ADO PVC/PVC', NULL, 'M'),
	(70, 'T 30100083', 'CABLE 5 PARES/0,50 ESTA?ADO PVC/PVC', NULL, 'M'),
	(71, 'T 30100085', 'CABLE 14 PARES/0,50 ESTA?ADO PVC/PVC', NULL, 'M'),
	(72, 'T 30100087', 'CABLE 53 PARES/0,50 ESTA?ADO', NULL, 'M'),
	(73, 'T 30100094', 'CABLE 10 PARES/0,40 ESTA?ADO PVC/PVC', NULL, 'M'),
	(74, 'T 30100095', 'CABLE 20PARES/0,40 ESTA?ADO PVC/PVC', NULL, 'M'),
	(75, 'T 30100096', 'CABLE 30PARES/040 ESTA?ADO  PVC/PVC', NULL, 'M'),
	(76, 'T 30100097', 'CABLE 50 PARES/0,40 ESTA?ADO  PVC/PVC', NULL, 'M'),
	(77, 'T 30100098', 'CABLE 100 PARES/0,40 ESTA?ADO PVC/PVC', NULL, 'M'),
	(78, 'T 30100101', 'CABLE COAXIL 3C-2W', NULL, 'M'),
	(79, 'T 30100103', 'CABLE COAXIL 2YCCY', NULL, 'M'),
	(80, 'T 30100104', 'CABLE COAXIL 3C-2V', NULL, 'M'),
	(81, 'T 30100105', 'CABLE COAXIL 2YCY', NULL, 'M'),
	(82, 'T 30100106', 'CABLE COAXIL RG6', NULL, 'M'),
	(83, 'T 30100107', 'CABLE COAXIL RG11/AU', NULL, 'M'),
	(84, 'T 30100108', 'CABLE COAXIL RG59/AU  SIMPLE MALLA', NULL, 'M'),
	(85, 'T 30100109', 'CABLE MULTICOAXIL 8X2YCY', NULL, 'M'),
	(86, 'T 30100110', 'CABLE MULTICOAXIL 8XFLEX-2/75', NULL, 'M'),
	(87, 'T 30100111', 'CABLE COAXIL RG213/U', NULL, 'M'),
	(88, 'T 30100114', 'CABLE COAXIL 1 5/8"', NULL, 'M'),
	(89, 'T 30100122', 'CABLE MULTIPAR (4 PARES)', NULL, 'M'),
	(90, 'T 30100124', 'CABLE MULTIPAR (16 PARES)', NULL, 'M'),
	(91, 'T 30100127', 'CABLE BAJ. Y DISTRIB. 1 PAR COLOR NEGRO', NULL, 'M'),
	(92, 'T 30100128', 'CABLE BAJ. Y DISTRIB. 2 PS COLOR NEGRO', NULL, 'M'),
	(93, 'T 30100129', 'CABLE BAJ.Y DIST. 1PS C/BLIND. COL.NEGRO', NULL, 'M'),
	(94, 'T 30100130', 'CABLE BAJ.Y DIST. 2PS C/BLIND. COL.NEGRO', NULL, 'M'),
	(95, 'T 30100131', 'CABLE DISTRIBUCION 1 PAR COLOR NEGRO', NULL, 'M'),
	(96, 'T 30100132', 'CABLE DISTRIBUCION 2 PARES COLOR NEGRO', NULL, 'M'),
	(97, 'T 30100133', 'CABLE DISTRIB. 1PAR C/BLIND. COL. NEGRO', NULL, 'M'),
	(98, 'T 30100134', 'CABLE DISTRIB. 2 PS C/BLIND. COL. NEGRO', NULL, 'M'),
	(99, 'T 30100135', 'CABLE MULTIPAR CILIN.PAL 2200/0.4 L=230M', NULL, 'M'),
	(100, 'T 30100136', 'CABLE MULTIPAR CILIN.PAL 2200/0.4 L=265M', NULL, 'M'),
	(101, 'T 30100137', 'CABLE MULTIPAR CILIN.PAL 2200/0.4 L=306M', NULL, 'M'),
	(102, 'T 30100138', 'CABLE MULTIPAR CILIN.PAL 2200/0.4 L=320M', NULL, 'M'),
	(103, 'T 30100139', 'CABLE MULTIPAR CILIN.PAL  600/0.4 L=230M', NULL, 'M'),
	(104, 'T 30100140', 'CABLE MULTIPAR CILIN.PAL  600/0.4 L=265M', NULL, 'M'),
	(105, 'T 30100141', 'CABLE MULTIPAR CILIN.PAL  600/0.4 L=306M', NULL, 'M'),
	(106, 'T 30100142', 'CABLE MULTIPAR CILIN.PAL  600/0.4 L=320M', NULL, 'M'),
	(107, 'T 30100143', 'CABLE MULTIPAR CILIN.PAL  600/0.6 L=230M', NULL, 'M'),
	(108, 'T 30100144', 'CABLE MULTIPAR CILIN.PAL  600/0.6 L=265M', NULL, 'M'),
	(109, 'T 30100145', 'CABLE MULTIPAR CILIN.PAL  600/0.6 L=306M', NULL, 'M'),
	(110, 'T 30100146', 'CABLE MULTIPAR CILIN.PAL  600/0.6 L=320M', NULL, 'M'),
	(111, 'T 30100147', 'CABLE MULTIPAR CILIN.PAL  900/0.6 L=230M', NULL, 'M'),
	(112, 'T 30100148', 'CABLE MULTIPAR CILIN.PAL  900/0.6 L=265M', NULL, 'M'),
	(113, 'T 30100149', 'CABLE MULTIPAR CILIN.PAL  900/0.6 L=306M', NULL, 'M'),
	(114, 'T 30100150', 'CABLE MULTIPAR CILIN.PAL  900/0.6 L=320M', NULL, 'M'),
	(115, 'T 30100151', 'CABLE MULTIPAR CILIN.PAL  900/0.4 L=230M', NULL, 'M'),
	(116, 'T 30100152', 'CABLE MULTIPAR CILIN.PAL  900/0.4 L=265M', NULL, 'M'),
	(117, 'T 30100153', 'CABLE MULTIPAR CILIN.PAL  900/0.4 L=306M', NULL, 'M'),
	(118, 'T 30100154', 'CABLE MULTIPAR CILIN.PAL  900/0.4 L=320M', NULL, 'M'),
	(119, 'T 30100155', 'CABLE MULTIPAR CILIN.PAL 1200/0.4 L=230M', NULL, 'M'),
	(120, 'T 30100156', 'CABLE MULTIPAR CILIN.PAL 1200/0.4 L=265M', NULL, 'M'),
	(121, 'T 30100157', 'CABLE MULTIPAR CILIN.PAL 1200/0.4 L=306M', NULL, 'M'),
	(122, 'T 30100158', 'CABLE MULTIPAR CILIN.PAL 1200/0.4 L=320M', NULL, 'M'),
	(123, 'T 30100159', 'CABLE MULTIPAR CILIN.PAL 1800/0.4 L=230M', NULL, 'M'),
	(124, 'T 30100160', 'CABLE MULTIPAR CILIN.PAL 1800/0.4 L=265M', NULL, 'M'),
	(125, 'T 30100161', 'CABLE MULTIPAR CILIN.PAL 1800/0.4 L=306M', NULL, 'M'),
	(126, 'T 30100162', 'CABLE MULTIPAR CILIN.PAL 1800/0.4 L=320M', NULL, 'M'),
	(127, 'T 30100163', 'CABLE UTP 4P, CAT5 D=0,51MM, COLOR AZUL', NULL, 'M'),
	(128, 'T 30100164', 'CABLE COAXIL RG58', NULL, 'M'),
	(129, 'T 30100165', 'CABLE DE ALIMENTACION D/TEMM WLL', NULL, 'UN'),
	(130, 'T 30100166', 'JUMPER COAXIL RG213 CONEC.N.H-SMA.M 44CM', NULL, 'UN'),
	(131, 'T 30100176', 'CABLE COAXIL 1/4"', NULL, 'M'),
	(132, 'T 30100177', 'CABLE COAXIL 1/4" SUPERFEXIBLE', NULL, 'UN'),
	(133, 'T 30100179', 'CABLE COAXIL7/8" BANDA 300 A **inhibido*', NULL, 'M'),
	(134, 'T 30100180', 'CABLE COAXIL 1/2" RFS LCF12-50J', NULL, 'M'),
	(135, 'T 30100181', 'CABLE COAXIL 7/8" BANDA 1 A 2 GHZ', NULL, 'M'),
	(136, 'T 30100182', 'CABLE COAXIL 7/8" BANDA 2 A 3 GHZ', NULL, 'M'),
	(137, 'T 30100183', 'CABLE COAXIL 1/2" SUPERFLEXIBLE', NULL, 'M'),
	(138, 'T 30100184', 'GO ELIPTICA ANDREW EWP64-71', NULL, 'UN'),
	(139, 'T 30100185', 'GO ELIPTICA RFS E70', NULL, 'UN'),
	(140, 'T 30100186', 'GUIA DE ONDA ANDREW MOD.EWP52-58', NULL, 'M'),
	(141, 'T 30100187', 'GO ELIPTICA ANDREW EWP63-65', NULL, 'M'),
	(142, 'T 30100188', 'GO ELIPTICA RFS E65', NULL, 'M'),
	(143, 'T 30100189', 'GO ELIPTICA ANDREW EWP77-71W', NULL, 'M'),
	(144, 'T 30100190', 'GO ELIPTICA RFS E78', NULL, 'M'),
	(145, 'T 30100192', 'CABLE COAXIL 1 5/8" BANDA 1 A 2 GHZ', NULL, 'M'),
	(146, 'T 30100193', 'CABLE COAXIL 1 5/8" BANDA 2 A 3 GHZ', NULL, 'M'),
	(147, 'T 30200004', 'MOLDE P/BLOQUEO  D/CABLES D=19 A 35MM .', NULL, 'KI'),
	(148, 'T 30200005', 'MOLDE P/BLOQUEO D/CABLES  D=35 A 50MM', NULL, 'KI'),
	(149, 'T 30200006', 'MOLDE P/BLOQUEO CAB.D=19a35MM E/SUBREP.', NULL, 'KI'),
	(150, 'T 30200007', 'MOLDE P/BLOQUEO CAB. D=35a50MM E/SUBREP.', NULL, 'KI'),
	(151, 'T 30200010', 'CAJA INTERCONEXION D/1 PAR S/PROTECCION', NULL, 'UN'),
	(152, 'T 30200011', 'CAJA INTERCONEXION D/1 PAR C/ PROTECCION', NULL, 'UN'),
	(153, 'T 30200015', 'CAJA DISTRIBUCION POR POSTE**inhibido**', NULL, 'UN'),
	(154, 'T 30200017', 'CAJA EMP Y DIST. C/MOD.222048 P/CAM.DV', NULL, 'UN'),
	(155, 'T 30200018', 'PEDESTAL PARA DISTRIBUCION DE 10 PARES', NULL, 'UN'),
	(156, 'T 30200019', 'MODULO CORTE Y PRUEBA P/FIJAR C/TORNILLO', NULL, 'UN'),
	(157, 'T 30200020', 'CARCAZA P/CAJA DISTRIB. 10 PS. P/FACHADA', NULL, 'UN'),
	(158, 'T 30200021', 'CAJA INTERCONEXION C/2 CONECT. S/PROTEC.', NULL, 'UN'),
	(159, 'T 30200022', 'CAJA INTERCONEXION C/2 CONECT. C/PROTEC.', NULL, 'UN'),
	(160, 'T 30200023', 'CAJA EXT. D/DERIV. P/4 HILOS (ISDN)', NULL, 'UN'),
	(161, 'T 30200025', 'COMPONENTE CONECTOR 222093/94', NULL, 'UN'),
	(162, 'T 30200027', 'CONECTOR S/FACILIDAD PROTECCION', NULL, 'UN'),
	(163, 'T 30200030', 'CONECTOR C/PROTEC.P/CAJAS DISTRI./INTERC', NULL, 'UN'),
	(164, 'T 30200031', 'CAJA EMPALME RECTO O C/2DERV', NULL, 'UN'),
	(165, 'T 30200033', 'CAJA EMPALME 3 ? 4 DERIV.', NULL, 'UN'),
	(166, 'T 30200038', 'SOPORTE P/CAJAS 222403/404P/EMPS AEREOS', NULL, 'UN'),
	(167, 'T 30200039', 'CONJUNTO D/REINT.P/CAJAS CAT. 222400', NULL, 'UN'),
	(168, 'T 30200041', 'CONJUNTO D/REINT.P/CAJAS CAT. 222403/404', NULL, 'UN'),
	(169, 'T 30200042', 'CAJA EMP.VENTILADA P/CABLE DIAM.MAX 25MM', NULL, 'UN'),
	(170, 'T 30200043', 'CAJA EMP.VENTILADA P/CABLE DIAM.MAX 41MM', NULL, 'UN'),
	(171, 'T 30200044', 'CAJA EMP.VENTILADA P/CABLE DIAM.MAX 46MM', NULL, 'UN'),
	(172, 'T 30200045', 'CAJA MEC.P/EMP.PROV.INS.AER.P/CAB H.49MM', NULL, 'UN'),
	(173, 'T 30200046', 'CAJA EMP PROVIS.INST.AER.P/CAB HASTA49MM', NULL, 'UN'),
	(174, 'T 30200047', 'CAJA EMP P/ENTERR.**usar 30200160**', NULL, 'UN'),
	(175, 'T 30200048', 'CAJA EMP P/ENTERR.**usar 30200162**', NULL, 'UN'),
	(176, 'T 30200049', 'CAJA EMP.RyD P/ENTER**usar 30200163**', NULL, 'UN'),
	(177, 'T 30200050', 'CAJA EMP.RyD P/ENTER. **usar 30200164**', NULL, 'UN'),
	(178, 'T 30200051', 'CAJA EMP PRESUR. P/CAB DIAM. 15 A 30 MM', NULL, 'UN'),
	(179, 'T 30200052', 'CAJA EMP PRESURIZ. P/CAB DIAM. 30A 40MM', NULL, 'UN'),
	(180, 'T 30200053', 'CAJA EMPS PRESURIZ.P/CAB DIAM. 38 A 45MM', NULL, 'UN'),
	(181, 'T 30200054', 'CAJA EMPS PRESURIZ.P/CAB DIAM. 55 A 65MM', NULL, 'UN'),
	(182, 'T 30200055', 'CAJA EMPS PRESURIZ.P/CAB DIAM. 65 A 90MM', NULL, 'UN'),
	(183, 'T 30200057', 'CONJUNTO D/DERIV.P/CAJ.EMP 30200054/55', NULL, 'KI'),
	(184, 'T 30200058', 'CAJA EMP NO PRESUR. P/CAB DIAM 8A 22MM', NULL, 'UN'),
	(185, 'T 30200059', 'CAJA EMP NO PRESUR. P/CAB DIAM. 15A 35MM', NULL, 'UN'),
	(186, 'T 30200060', 'CAJA EMP NO PRESUR. P/CAB DIAM. 30A 48MM', NULL, 'UN'),
	(187, 'T 30200061', 'CONJUNTO DE DERIVACIONCAJA DE EMPALME', NULL, 'KI'),
	(188, 'T 30200062', 'CONJUNTO DE DERIVACION', NULL, 'KI'),
	(189, 'T 30200066', 'CAJA DISTR. 5PS EQUIPADA P/CAMARA ACCESO', NULL, 'UN'),
	(190, 'T 30200068', 'CAJA EMP Y DISTRIBUCIONHASTA 200 PARES', NULL, 'UN'),
	(191, 'T 30200071', 'CIERRE D/EMPALME P/BAJADA 2 PS FORMA "8"', NULL, 'UN'),
	(192, 'T 30200072', 'CONECTOR RELLENO DE 3 VIAS TIPO "UR"', NULL, 'UN'),
	(193, 'T 30200073', 'CONECTOR RELLENO DE 2 VIAS TIPO "UY"', NULL, 'UN'),
	(194, 'T 30200074', 'CONECTOR ABIERTO P/CONDUC. 0.4a0.6 MM', NULL, 'UN'),
	(195, 'T 30200075', 'CONECTOR ABIERTO P/CONDUC. 0.6 a 0.9 MM', NULL, 'UN'),
	(196, 'T 30200076', 'CONECTOR RELLENO MINI-PICABOND', NULL, 'UN'),
	(197, 'T 30200078', 'CONECTOR MODULAR 25 PARES', NULL, 'UN'),
	(198, 'T 30200079', 'MANGUITO TERMOC. ABIERTO P/CAB. 10a22MM', NULL, 'KI'),
	(199, 'T 30200080', 'MANGUITO TERMOC. ABIERTO P/CAB. 16a36MM', NULL, 'KI'),
	(200, 'T 30200081', 'MANGUITO TERMOC. ABIERTO P/CAB. 24a53MM', NULL, 'KI'),
	(201, 'T 30200082', 'MANGUITO TERMOC. ABIERTO P/CAB. 41a95MM', NULL, 'KI'),
	(202, 'T 30200096', 'TAPA P/CAJA D/DIST D/10 PS CAT. 222025', NULL, 'UN'),
	(203, 'T 30200097', 'TAPA P/CAJA D/DIST D/20 PS CAT. 222026', NULL, 'UN'),
	(204, 'T 30200098', 'TAPA CAJA DISTRIBUCIONPARA 222036', NULL, 'UN'),
	(205, 'T 30200099', 'TAPA CAJA DISTRIB. PARA 222040 Y 222044', NULL, 'UN'),
	(206, 'T 30200100', 'CARCAZA P/CAJAS DISTRIB. 20 P/POS O FACH', NULL, 'UN'),
	(207, 'T 30200101', 'TAPA P/CAJA DE DIST. POUYET-3M 10 PARES', NULL, 'UN'),
	(208, 'T 30200102', 'TAPA P/CAJA DE DIST. MELLER 10 PARES', NULL, 'UN'),
	(209, 'T 30200103', 'CONEC. C/PROT. P/CAJ. D/DIST. 222040/044', NULL, 'UN'),
	(210, 'T 30200104', 'CAJA D/EMP VERT.D92MM A215MM C.E. D30MM', NULL, 'UN'),
	(211, 'T 30200105', 'CAJA EMPALME VERITCAL, D=92MM, ALT=310MM', NULL, 'UN'),
	(212, 'T 30200106', 'CAJA EMPALME VERITCAL, D=92MM, ALT=430MM', NULL, 'UN'),
	(213, 'T 30200107', 'CAJA EMPALME VERITCAL,D=125MM, ALT=430MM', NULL, 'UN'),
	(214, 'T 30200111', 'BLOQUEO C/VAL.P/SUBREP.P/CAB D=49 A 65MM', NULL, 'KI'),
	(215, 'T 30200112', 'BLOQUEO C/VAL. P/TUNEL P/CAB D=22 A 49MM', NULL, 'KI'),
	(216, 'T 30200113', 'BLOQUEO C/VAL. P/TUNEL P/CAB D=55 A 69MM', NULL, 'KI'),
	(217, 'T 30200118', 'RESINA P/BLOQUEO D/CABLES RELL. D/300GR', NULL, 'KI'),
	(218, 'T 30200119', 'RESINA P/BLOQUEO D/CABLES RELL D/600GR', NULL, 'KI'),
	(219, 'T 30200122', 'BLOQUEO C/VAL.P/SUBREP.P/CAB D=22A 45MM', NULL, 'KI'),
	(220, 'T 30200130', 'CARCAZA P/CAJA DISTR.10P POSTE O FACHADA', NULL, 'UN'),
	(221, 'T 30200170', 'CIERRE D/EMPALME P/CABLE BAJADA D/1 PAR', NULL, 'UN'),
	(222, 'T 30200180', 'CAJA EMP. Y DIST. P10PS, POSTE O FACHADA', NULL, 'UN'),
	(223, 'T 30200190', 'CAJA DE INTERCONEXION CON SPLITTER', NULL, 'UN'),
	(224, 'T 30404641', 'Outdoor Bundle Equipo Tipo 2', NULL, 'UN'),
	(225, 'T 30404642', 'Outdoor Bundle Equipo Tipo 3', NULL, 'UN'),
	(226, 'T 30404644', 'Outdoor Bundle Equipo Tipo 5', NULL, 'UN'),
	(227, 'T 30404660', 'CCPE 64 PORTS VDSL2&POTS COMBO BOARD', NULL, 'UN'),
	(228, 'T 30404665', 'eSFP-1310nm-1000Base-Lx SM Optical trans', NULL, 'UN'),
	(229, 'T 30404708', 'H83B2F01S100 F01S100 Assembly Cabinet (D', NULL, 'UN'),
	(230, 'T 30404709', 'H80BF01S3002 F01S300 Assembly Cabinet(22', NULL, 'UN'),
	(231, 'T 30404710', 'H80B0F01D500 F01D500 Assembly Integratio', NULL, 'UN'),
	(232, 'T 30404711', 'H82BZ1MABB02 Multi-service Access Equipm', NULL, 'UN'),
	(233, 'T 30404712', 'H80KZ4MABO01 Middle Service Shelf Suppor', NULL, 'UN'),
	(234, 'T 30404713', 'H80K00ETSI02 ETSI Service Shelf,48V/60V,', NULL, 'UN'),
	(235, 'T 30404714', 'H83D00CCUE01 Multi-Service Centralized C', NULL, 'UN'),
	(236, 'T 30404715', 'H83D00UP2AA1 EPON/GPON/GE TypeC Uplink I', NULL, 'UN'),
	(237, 'T 30404716', 'H83D00ASDA01 Analog Subscriber DSP Card', NULL, 'UN'),
	(238, 'T 30404717', 'H80-FLBA Forwarding Logic Board', NULL, 'UN'),
	(239, 'T 30404718', 'H80D00SCUN02 Super Control Unit Board', NULL, 'UN'),
	(240, 'T 30404719', 'H806VPEA 384 Channels(64*6) Vector Centr', NULL, 'UN'),
	(241, 'T 30404720', 'VPEA00T 384 Channels(64*6) Vector Centra', NULL, 'UN'),
	(242, 'T 30404722', 'H83D0BCVLC01 32-port VDSL2 and 32-port P', NULL, 'UN'),
	(243, 'T 30404724', 'H80D00ASPB02 64-port VOIP Subscriber Boa', NULL, 'UN'),
	(244, 'T 30404725', 'CCPE 64 PORTS VDSL2&POTS COMBO BOARD', NULL, 'UN'),
	(245, 'T 30404727', 'H83D02PDVAA1 Vector-supporting secondary', NULL, 'UN'),
	(246, 'T 30404728', 'H80-PRTE Connect Power Board', NULL, 'UN'),
	(247, 'T 30404730', 'eSFP(S)-1310nm-1000Base-Lx Optical Trans', NULL, 'UN'),
	(248, 'T 30404734', 'H83X0F01S001 Engineering Required Delive', NULL, 'UN'),
	(249, 'T 30404735', 'HP6X01E20002 Engineering Required Delive', NULL, 'UN'),
	(250, 'T 30404736', 'SS-OP-LC-FC-S-0.8 Patch cord-FC/PC-LC/PC', NULL, 'UN'),
	(251, 'T 30404737', 'SS-OP-LC-FC-S-5 Patch cord-FC/PC-LC/PC-S', NULL, 'UN'),
	(252, 'T 30404738', 'OP-FC/PC-1 Pigtail-FC/PC-Single mode-G.6', NULL, 'UN'),
	(253, 'T 30404739', 'QW1P0FIBER06 Optical adapter-LC/PC-LC/PC', NULL, 'UN'),
	(254, 'T 30404740', 'FOPCOUS00 Optical Coupler,SM,1*2,1310&15', NULL, 'UN'),
	(255, 'T 30404741', 'EBP561X01 MA561X blank panel', NULL, 'UN'),
	(256, 'T 30404742', 'H80XBPMCBS00 Blank Panel for Main Contro', NULL, 'UN'),
	(257, 'T 30404743', 'H80XBPGIUS00 Blank Panel for GIU Board S', NULL, 'UN'),
	(258, 'T 30404744', 'H80X0BPPBS00 Blank Panel for Power Board', NULL, 'UN'),
	(259, 'T 30404745', 'H80XBPCIBS00 Blank Panel for Common Inte', NULL, 'UN'),
	(260, 'T 30404746', 'H80XBPSPLB00 Blank Panel for Service Boa', NULL, 'UN'),
	(261, 'T 30404747', 'EN1MMHSM01B1 SMU01B Site Monitor Unit', NULL, 'UN'),
	(262, 'T 30404748', 'R4815N1 R4815N1-15A Normal Efficiency Re', NULL, 'UN'),
	(263, 'T 30404749', 'R4830N2 R4830N2-30A Normal Efficiency Re', NULL, 'UN'),
	(264, 'T 30404750', 'WMM12AH00 Rechargeable battery,VRLA batt', NULL, 'UN'),
	(265, 'T 30404751', 'WES005001 Rechargeable battery,VRLA batt', NULL, 'UN'),
	(266, 'T 30404752', 'WSD100004 Rechargeable Battery, VRLA bat', NULL, 'UN'),
	(267, 'T 30404754', 'H83Z3SF01S50 Components for Socket,Multi', NULL, 'UN'),
	(268, 'T 30404756', 'H83B0MDFS100 MDF Auxiliary Components(JP', NULL, 'UN'),
	(269, 'T 30404757', 'EBTSensor001 Temperature Sensor,-40~80de', NULL, 'UN'),
	(270, 'T 30404758', 'H80ZF01S300B Components for Socket(for C', NULL, 'UN'),
	(271, 'T 30404759', 'H83XHAR03203 Harness,F01E50,32-port Subs', NULL, 'UN'),
	(272, 'T 30404760', 'H83XHAR03207 Harness,F01S300,64-port Sub', NULL, 'UN'),
	(273, 'T 30404761', 'CVDSL5966 Harness,F01D500,64-port Subscr', NULL, 'UN'),
	(274, 'T 30404762', 'EDFTOOL01 IDC Tool', NULL, 'UN'),
	(275, 'T 30404763', 'JPX658CSSV Test Plug', NULL, 'UN'),
	(276, 'T 30404764', 'EJPX65803 10 pairs Exchange Side Strip (', NULL, 'UN'),
	(277, 'T 30404765', 'EJPX65804 10 pairs Exchange Side Strip (', NULL, 'UN'),
	(278, 'T 30404766', 'E00SFD201 GDT Protective Unit', NULL, 'UN'),
	(279, 'T 30500007', 'BLOQUE TERM. D/10 PS P/ CENTR. "PABX"', NULL, 'UN'),
	(280, 'T 30500002', 'ANILLA DISTRIBUCION D=15MM P/CABLE DISTR', NULL, 'UN'),
	(281, 'T 30500003', 'ANILLA DISTRIBUCION D=32MM P/CABLE DISTR', NULL, 'UN'),
	(282, 'T 30500004', 'ANILLA RETENCION  25X80 MM P/CABLE BAJ.', NULL, 'UN'),
	(283, 'T 30500005', 'ANILLA RETENCION  25X115 MM P/CABLE BAJ.', NULL, 'UN'),
	(284, 'T 30500006', 'ANILLA RETENCION  27X155 MM P/CABLE BAJ.', NULL, 'UN'),
	(285, 'T 30500007', 'BLOQUE TERM. D/10 PS P/ CENTR. "PABX"', NULL, 'UN'),
	(286, 'T 30500008', 'BLOQUE TERM. P/EXT.C/RC,FIL.,1CONE.RJ11', NULL, 'UN'),
	(287, 'T 30500009', 'BLOQUE TERM. P/EXT C/FILT.RF,1 CONE.RJ11', NULL, 'UN'),
	(288, 'T 30500010', 'BLOQUE TERM. P/EXT. C/RC Y 1 CONEC RJ11', NULL, 'UN'),
	(289, 'T 30500011', 'BLOQUE TERM. P/EXT. C /2RC  2 CONEC RJ11', NULL, 'UN'),
	(290, 'T 30500012', 'BLOQUE TERM. P/EXT .C/1 CONEC. RJ11', NULL, 'UN'),
	(291, 'T 30500013', 'BLOQUE TERM. P/EXT. C/ 2 CONECTORES RJ11', NULL, 'UN'),
	(292, 'T 30500014', 'BLOQUE TERM  P/EXT C/CONEX. 4CONTAC.RJ11', NULL, 'UN'),
	(293, 'T 30500015', 'BLOQUE TERM. P/EMB. C/1 RC, 1 CONEC.RJ11', NULL, 'UN'),
	(294, 'T 30500016', 'BLOQUE TERM. P/EMB C/2 RC Y 2 CONEC.RJ11', NULL, 'UN'),
	(295, 'T 30500017', 'BLOQUE TERM. P/EMB. C/1 CONECTOR RJ11', NULL, 'UN'),
	(296, 'T 30500018', 'BLOQUE TERM. P/EMB. C/2 CONECTORES RJ11', NULL, 'UN'),
	(297, 'T 30500019', 'BLOQUE TERM. P/EM C/GEL, CONEX. E/4CONT.', NULL, 'UN'),
	(298, 'T 30500020', 'BLOQUE TERM. ABON.EXTER. C/CONEC. RJ45', NULL, 'UN'),
	(299, 'T 30500022', 'BLOQUE TERM. ABON.C/CONEC. RJ45 Y 2 RES.', NULL, 'UN'),
	(300, 'T 30500026', 'SEPARADOR ANTIHUMEDAD P/BLOQUE ABONADO', NULL, 'UN'),
	(301, 'T 30500027', 'CONECTOR A COMPRESION P/CABLE DE BAJADA', NULL, 'UN'),
	(302, 'T 30500028', 'CONECTOR A COMPRESION P/CAB.BAJADA/DISTR', NULL, 'UN'),
	(303, 'T 30500029', 'GRAMPA 1 OREJA D/8 MM P/FIJAR CABLE', NULL, 'UN'),
	(304, 'T 30500030', 'GRAMPA 1 OREJA D/10 MM P/FIJAR CABLE', NULL, 'UN'),
	(305, 'T 30500031', 'GRAMPA 1 OREJA D/13 MM P/FIJAR CABLE', NULL, 'UN'),
	(306, 'T 30500032', 'GRAMPA 1 OREJA D/16 MM P/FIJAR CABLE', NULL, 'UN'),
	(307, 'T 30500033', 'GRAMPA P/1 CABLE FACHADA', NULL, 'UN'),
	(308, 'T 30500034', 'GRAMPA P/2 CABLES DE FACHADA', NULL, 'UN'),
	(309, 'T 30500035', 'GRAMPA P/3 CABLES DE FACHADA', NULL, 'UN'),
	(310, 'T 30500036', 'GRAMPA P/CABLES MULTIPARES', NULL, 'UN'),
	(311, 'T 30500038', 'RETEN CAB BAJ. P/CAB D/BAJ.30100127/ 129', NULL, 'UN'),
	(312, 'T 30500039', 'RETEN CABLE BAJ./ DISTRIB.*usar30500040*', NULL, 'UN'),
	(313, 'T 30500040', 'RETEN CABLE BAJ. D/2 PARESC/SUSPENSOR', NULL, 'UN'),
	(314, 'T 30500042', 'SOPORTE DE PARED P/RETEN', NULL, 'UN'),
	(315, 'T 30500043', 'TUBO PASA PARED P/CAB D/DIST. 203020/022', NULL, 'UN'),
	(316, 'T 30500044', 'TUBO PASA PARED P/CAB D/DIST. 203017/019', NULL, 'UN'),
	(317, 'T 30500045', 'TUBO PASA PARED P/CAB D/DIST. 203026', NULL, 'UN'),
	(318, 'T 30500046', 'TUBO PASA PARED P/CAB D/DIST. 203016/018', NULL, 'UN'),
	(319, 'T 30500047', 'CORDON D/EXTENSION ENTRADA LINEA', NULL, 'UN'),
	(320, 'T 30500048', 'CORDON P/MICROTELEFONO TIPO ESPERIAL', NULL, 'UN'),
	(321, 'T 30500049', 'CORDON P/CALLER-ID  LARGO=35 CM', NULL, 'UN'),
	(322, 'T 30500051', 'MULTIPLICADOR PARES 1+1 COMP.', NULL, 'UN'),
	(323, 'T 30500057', 'ALIMENTACION P/EQUIPO 540551', NULL, 'UN'),
	(324, 'T 30500059', 'EQUIPO LADO ABONADO P/540555', NULL, 'UN'),
	(325, 'T 30500062', 'EQUIPO LADO ABONADO P/540558', NULL, 'UN'),
	(326, 'T 30500067', 'TELEFONO CON CALLER ID GENERAL ELECTRIC', NULL, 'UN'),
	(327, 'T 30500070', 'TELEFONO BASICO MARCA "SIEMENS"', NULL, 'UN'),
	(328, 'T 30500071', 'TELEFONO BASICO MARCA "XINGTEL"', NULL, 'UN'),
	(329, 'T 30500072', 'TELEFONO BASICO MARCA "INTELBRAS"', NULL, 'UN'),
	(330, 'T 30500074', 'TERMINAL D/COMUNICACIONES P/HIPOACUSTICO', NULL, 'UN'),
	(331, 'T 30500075', 'TERMINAL TDD D/COMUNIC.P/HIPOACUSTICO', NULL, 'UN'),
	(332, 'T 30500077', 'TERMINAL CALLER ID MARCA "DIPLOMA"', NULL, 'UN'),
	(333, 'T 30500078', 'TERMINAL CALLER ID MARCA "SIEMENS"', NULL, 'UN'),
	(334, 'T 30500079', 'TERMINAL DE RED NT PLUS PARA ISDN', NULL, 'UN'),
	(335, 'T 30500080', 'TERMINAL DE RED NT PLUS C/RS232 P/ISDN', NULL, 'UN'),
	(336, 'T 30500082', 'DISPOSITIVO SELECTOR DE NUMERO', NULL, 'UN'),
	(337, 'T 30500083', 'TERMINAL CALLER ID MARCA "MERCURY"', NULL, 'UN'),
	(338, 'T 30500089', 'TELEFONO INALAMBRICO ALADINO 300', NULL, 'UN'),
	(339, 'T 30500090', 'TELEFONO INALAMBRICO ALADINO 500', NULL, 'UN'),
	(340, 'T 30500091', 'VIDEOTELEFONO ALADINO VT', NULL, 'UN'),
	(341, 'T 30500092', 'FAX MARCA OLIVETTI MOD. OFX-180', NULL, 'UN'),
	(342, 'T 30500093', 'TELEFONO BASICO ALCATEL TEMPORIS 12', NULL, 'UN'),
	(343, 'T 30500103', 'TELEFONO ISDN MARCA ERICSON MD 110', NULL, 'UN'),
	(344, 'T 30500105', 'CAJA INTERC/EX. P/2 C/EC. SIN EQUIPAR', NULL, 'UN'),
	(345, 'T 30500106', 'TELEFONO BASICO "SIEMENS" EUROSET 805', NULL, 'UN'),
	(346, 'T 30500107', 'TELEFONO BASICO "SIEMENS" MOD.3005', NULL, 'UN'),
	(347, 'T 30500333', 'PORTAROTULO ***usar 30500678***', NULL, 'UN'),
	(348, 'T 30500337', 'PORTAROTULO PARA SOPORTE TIPO KRONE', NULL, 'UN'),
	(349, 'T 30500377', 'TELEFONO BASICO PIRELLI MOD. MERA ME 31', NULL, 'UN'),
	(350, 'T 30500378', 'FAX MARCA OLIVETTI MOD. 105F', NULL, 'UN'),
	(351, 'T 30500557', 'TELEFONO BASICO MARCA "BHARTI"', NULL, 'UN'),
	(352, 'T 30500587', 'KIT MODEM ARNET ADSL ETH', NULL, 'UN'),
	(353, 'T 30500588', 'KIT MODEM ARNET ADSL WI-FI', NULL, 'UN'),
	(354, 'T 30500608', 'TELEFONO INALAMBRICO ALADINO 410', NULL, 'UN'),
	(355, 'T 30500678', 'PORTAROTULO PARA SOPORTE TIPO POUYET', NULL, 'UN'),
	(356, 'T 30500687', 'TEL?FONO B?SICO  MOD. SIGMA PLUS II', NULL, 'UN'),
	(357, 'T 30500737', 'TELEFONO INAL?MBRICO ALADINO 420', NULL, 'UN'),
	(358, 'T 30500817', 'BLOQUE TER. EXT. C/SPLITER INCORPORADO', NULL, 'UN'),
	(359, 'T 30500828', 'BLOQUE TER. INT. C/SPLITER INCORPORADO', NULL, 'UN'),
	(360, 'T 30500877', 'KIT MODEM ARNET VDSL WI-FI', NULL, 'UN'),
	(361, 'T 30500967', 'TELEFONO BASICO  ACONCAWA MOD. SL 9292', NULL, 'UN'),
	(362, 'T 30600000', 'CONECTOR RJ45 8 POSICIONES 4 CONTACTOS', NULL, 'UN'),
	(363, 'T 30600001', 'FICHA RJ11 D/SEIS POSICIONES2 CONTACTOS', NULL, 'UN'),
	(364, 'T 30600006', 'GRAPA D/CONT.D/PANTALLA CAB.DIAM.>A 37MM', NULL, 'UN'),
	(365, 'T 30600007', 'CONECTOR DIN 1.6/5.6 MODELO**inhibido**', NULL, 'UN'),
	(366, 'T 30600012', 'TERMINAL P/CONDUC. 50 MM2', NULL, 'UN'),
	(367, 'T 30600015', 'CONECTOR COAXIL N M. P/CABLE RG213', NULL, 'UN'),
	(368, 'T 30600017', 'CONECTOR COAXIL N M. "L" P/CABLE RG213', NULL, 'UN'),
	(369, 'T 30600018', 'JUMPER COAXIL CONECTOR N P/MONOCANAL', NULL, 'UN'),
	(370, 'T 30600019', 'PROTECTOR COAXIL 200 A 500 MHZ NH-NH', NULL, 'UN'),
	(371, 'T 30600021', 'CONECTOR N-HEMBRA PARA CABLE**inhibido**', NULL, 'UN'),
	(372, 'T 30600022', 'KIT P/GUIA D/ONDA ELIPTICA*USAR 30600153', NULL, 'UN'),
	(373, 'T 30600024', 'JUMPER DE CABLE COAXIL DE 1/2"**inhibido', NULL, 'UN'),
	(374, 'T 30600027', 'KIT P/COAXIL 7/8" A 1 1/2" **inhibido**', NULL, 'UN'),
	(375, 'T 30600028', 'KIT PAT P/GO RFS E70', NULL, 'UN'),
	(376, 'T 30600045', 'CONECTOR P/COAXIL (HEMBRA ACO-**inhibido', NULL, 'UN'),
	(377, 'T 30600046', 'REGLETA WIRE-RAP 2X25', NULL, 'UN'),
	(378, 'T 30600077', 'CONECTOR COAXIL  N(M) P/CABLE RG58', NULL, 'UN'),
	(379, 'T 30600078', 'CONECTOR  COAXIL TNC(M) P/CABLE RG58', NULL, 'UN'),
	(380, 'T 30600079', 'ADAPTADOR TNC MACHO A N HEMBRA', NULL, 'UN'),
	(381, 'T 30600080', 'CONECTOR  TNC MACHO P/COAXIL 3/8"', NULL, 'UN'),
	(382, 'T 30600081', 'ADAPTADOR CONECTOR TNC HEM. A SMA MACHO', NULL, 'UN'),
	(383, 'T 30600082', 'CONECTOR COAXIL 1.6/5.6 H. ANG.P/FLEX-2', NULL, 'UN'),
	(384, 'T 30600083', 'CONECTOR COAXIL 1.6/5.6 H. ANG.P/2YCY', NULL, 'UN'),
	(385, 'T 30600084', 'CONECTOR COAXIL 1.6/5.6 H. ANG.P/2.5C-2V', NULL, 'UN'),
	(386, 'T 30600085', 'CONECTOR COAXIL 1.6/5.6 H. ANG.P/3C-2V', NULL, 'UN'),
	(387, 'T 30600086', 'CONECTOR COAXIL 1.6/5.6 H. ANG.P/2YCCY', NULL, 'UN'),
	(388, 'T 30600087', 'CONECTOR COAXIL 1.6/5.6 H. ANG.P/3C-2W', NULL, 'UN'),
	(389, 'T 30600088', 'CONECTOR COAXIL 1.6/5.6 M. ANG.P/ FLEX 2', NULL, 'UN'),
	(390, 'T 30600089', 'CONECTOR COAXIL 1.6/5.6 M. ANG. P/ 2YCY', NULL, 'UN'),
	(391, 'T 30600090', 'CONECTOR COAXIL 1.6/5.6 M. ANG.P/2.5C-2V', NULL, 'UN'),
	(392, 'T 30600091', 'CONECTOR COAXIL 1.6/5.6 M. ANG. P/3C-2V', NULL, 'UN'),
	(393, 'T 30600092', 'CONECTOR COAXIL 1.6/5.6 M. ANG. P/2YCCY', NULL, 'UN'),
	(394, 'T 30600093', 'CONECTOR COAXIL 1.6/5.6 M. ANG. P/3C-2W', NULL, 'UN'),
	(395, 'T 30600094', 'CONECTOR COAXIL 1.6/5.6 M. RECT. P/FLEX2', NULL, 'UN'),
	(396, 'T 30600095', 'CONECTOR COAXIL 1.6/5.6 M. RECT. P/2YCY', NULL, 'UN'),
	(397, 'T 30600096', 'CONECTOR COAXIL 1.6/5.6 M.RECT.P/2.5C-2V', NULL, 'UN'),
	(398, 'T 30600097', 'CONECTOR COAXIL 1.6/5.6 M. RECT. P/3C-2V', NULL, 'UN'),
	(399, 'T 30600098', 'CONECTOR COAXIL 1.6/5.6 M. RECT. P/2YCCY', NULL, 'UN'),
	(400, 'T 30600100', 'CONECTOR COAXIL 1.0/2.3 M.RECT. P/FLEX-2', NULL, 'UN'),
	(401, 'T 30600101', 'CONECTOR COAXIL 1.0/2.3 M.RECT. P/2YCY', NULL, 'UN'),
	(402, 'T 30600102', 'CONECTOR COAXIL 1.0/2.3 M.RECT.P/2.5C-2V', NULL, 'UN'),
	(403, 'T 30600103', 'CONECTOR COAXIL 1.0/2.3 M.RECT.P/3C-2V', NULL, 'UN'),
	(404, 'T 30600104', 'CONECTOR COAXIL 1.0/2.3 M.RECT.P/2YCCY', NULL, 'UN'),
	(405, 'T 30600106', 'CONECTOR COAXIL BNC H. 75 OHM P/FLEX-2', NULL, 'UN'),
	(406, 'T 30600107', 'CONECTOR COAXIL BNC H. 75 OHM P/2YCY', NULL, 'UN'),
	(407, 'T 30600108', 'CONECTOR COAXIL BNC H. 75 OHM P/2.5C-2V', NULL, 'UN'),
	(408, 'T 30600109', 'CONECTOR COAXIL BNC H. 75 OHM P/3C-2V', NULL, 'UN'),
	(409, 'T 30600110', 'CONECTOR COAXIL BNC H. 75 OHM P/2YCCY', NULL, 'UN'),
	(410, 'T 30600111', 'CONECTOR COAXIL BNC H. 75 OHM P/3C-2W', NULL, 'UN'),
	(411, 'T 30600112', 'CONECTOR COAXIL BNC M. 75 OHM P/FLEX-2', NULL, 'UN'),
	(412, 'T 30600113', 'CONECTOR COAXIL BNC M. 75 OHM P/2YCY', NULL, 'UN'),
	(413, 'T 30600114', 'CONECTOR COAXIL BNC M. 75 OHM P/2.5C-2V', NULL, 'UN'),
	(414, 'T 30600115', 'CONECTOR COAXIL BNC M. 75 OHM P/3C-2V', NULL, 'UN'),
	(415, 'T 30600116', 'CONECTOR COAXIL BNC M. 75 OHM P/2YCCY', NULL, 'UN'),
	(416, 'T 30600117', 'CONECTOR COAXIL BNC M. 75 OHM P/3C-2W', NULL, 'UN'),
	(417, 'T 30600118', 'CONECTOR COAXIL BNC M. 50 OHM P/RG58', NULL, 'UN'),
	(418, 'T 30600119', 'CRUZADA COAXIL 2YCCY 2M 1.6/5.6 M.ANG.', NULL, 'UN'),
	(419, 'T 30600120', 'CRUZADA COAXIL 2YCCY 2,5M 1.6/5.6 M.ANG.', NULL, 'UN'),
	(420, 'T 30600121', 'CRUZADA COAXIL 2YCCY 3M 1.6/5.6 M.ANG.', NULL, 'UN'),
	(421, 'T 30600122', 'CRUZADA COAXIL 2YCCY 5M 1.6/5.6 M.ANG.', NULL, 'UN'),
	(422, 'T 30600123', 'CRUZADA COAXIL 2YCCY 8M 1.6/5.6 M.ANG.', NULL, 'UN'),
	(423, 'T 30600124', 'CRUZADA COAXIL 2YCCY 10M 1.6/5.6 M.ANG.', NULL, 'UN'),
	(424, 'T 30600125', 'CRUZADA COAXIL 2YCCY 12M 1.6/5.6 M.ANG.', NULL, 'UN'),
	(425, 'T 30600126', 'CRUZADA COAXIL 3C-2V 2M 1.6/5.6 M.ANG.', NULL, 'UN'),
	(426, 'T 30600127', 'CRUZADA COAXIL 3C-2V 2,5M 1.6/5.6 M.ANG.', NULL, 'UN'),
	(427, 'T 30600128', 'CRUZADA COAXIL 3C-2V 3M 1.6/5.6 M.ANG.', NULL, 'UN'),
	(428, 'T 30600129', 'CRUZADA COAXIL 3C-2V 5M 1.6/5.6 M.ANG.', NULL, 'UN'),
	(429, 'T 30600131', 'CRUZADA COAXIL 3C-2V 10M 1.6/5.6 M.ANG.', NULL, 'UN'),
	(430, 'T 30600132', 'CRUZADA COAXIL 3C-2V 12M 1.6/5.6 M.ANG.', NULL, 'UN'),
	(431, 'T 30600137', 'CONECTOR COAXIL N M. P/CABLE 3/8"', NULL, 'UN'),
	(432, 'T 30600138', 'CONECTOR COAXIL N H. P/CABLE 3/8"', NULL, 'UN'),
	(433, 'T 30600139', 'CONECTOR COAXIL N M. P/CABLE 1/4"', NULL, 'UN'),
	(434, 'T 30600140', 'CONECTOR COAXIL N H. P/CABLE 1/4"', NULL, 'UN'),
	(435, 'T 30600141', 'CONECTOR COAXIL N M. P/CABLE 1/4" S.FLEX', NULL, 'UN'),
	(436, 'T 30600142', 'CONECTOR COAXIL N H. P/CABLE 1/4" S.FLEX', NULL, 'UN'),
	(437, 'T 30600143', 'CONECTOR COAXIL N H. P/CABLE RG213', NULL, 'UN'),
	(438, 'T 30600144', 'CONECTOR COAXIL N H. "L" P/CABLE RG213', NULL, 'UN'),
	(439, 'T 30600145', 'CONECTOR COAXIL N M. P/CABLE 1 1/4"', NULL, 'UN'),
	(440, 'T 30600146', 'CONECTOR COAXIL N H. P/CABLE 1 1/4"', NULL, 'UN'),
	(441, 'T 30600148', 'CONECTOR COAXIL N M. P/CABLE 7/8" PRES.', NULL, 'UN'),
	(442, 'T 30600149', 'CONECTOR COAXIL N H. P/CABLE 7/8" ROSCA', NULL, 'UN'),
	(443, 'T 30600150', 'CONECTOR COAXIL N H. P/CABLE 7/8" PRES.', NULL, 'UN'),
	(444, 'T 30600151', 'KIT PAT P/GO ANDREW EWP52  COD. 204989-4', NULL, 'UN'),
	(445, 'T 30600152', 'KIT PAT P/GO ANDREW EWP63 COD. 204989-4', NULL, 'UN'),
	(446, 'T 30600153', 'KIT PAT P/GO ANDREW EWP64 COD. 204989-3', NULL, 'UN'),
	(447, 'T 30600154', 'KIT PAT P/GO ANDREW EWP77 COD. 204989-3', NULL, 'UN'),
	(448, 'T 30600155', 'KIT PAT P/GO RFS E65 y E 70', NULL, 'UN'),
	(449, 'T 30600156', 'KIT PAT P/GO RFS E78', NULL, 'UN'),
	(450, 'T 30600157', 'JUMPER COAXIL 1/2" S.FLEX NM-NH L=1M', NULL, 'UN'),
	(451, 'T 30600158', 'JUMPER COAXIL 1/2" S.FLEX NM-NH L=1,5M', NULL, 'UN'),
	(452, 'T 30600159', 'CONECTOR COAXIL N M. P/CABLE 1/2" S.FLEX', NULL, 'UN'),
	(453, 'T 30600160', 'CONECTOR COAXIL N H. P/CABLE 1/2" S.FLEX', NULL, 'UN'),
	(454, 'T 30600161', 'CONECT.N M.RECT.P/CAB 1/2 RFS LCF12-50J', NULL, 'UN'),
	(455, 'T 30600162', 'CONECTOR COAXIL N H. P/CABLE 1/2"', NULL, 'UN'),
	(456, 'T 30600164', 'KIT ABRAZADERA METALICA P/CABLE 1/2"', NULL, 'UN'),
	(457, 'T 30600172', 'KIT ABRAZADERA METALICA P/CABLE 1 1/4"', NULL, 'UN'),
	(458, 'T 30600186', 'KIT ABRAZADERA METALICA P/CABLE 1/4"', NULL, 'UN'),
	(459, 'T 30600193', 'KIT ABRAZADERA METALICA P/CABLE RG213', NULL, 'UN'),
	(460, 'T 30600200', 'KIT ABRAZADERA METALICA P/CABLE 3/8"', NULL, 'UN'),
	(461, 'T 30600221', 'KIT ABRAZADERA METAL. P/GO ANDREW EWP52', NULL, 'UN'),
	(462, 'T 30600222', 'KIT ABRAZADERA METAL. P/GO ANDREW EWP63', NULL, 'UN'),
	(463, 'T 30600223', 'KIT ABRAZADERA METAL. P/GO ANDREW EWP64', NULL, 'UN'),
	(464, 'T 30600224', 'KIT ABRAZADERA METAL. P/GO ANDREW EWP77', NULL, 'UN'),
	(465, 'T 30600225', 'KIT ABRAZADERA METALICA P/GO RFS E65', NULL, 'UN'),
	(466, 'T 30600226', 'KIT ABRAZADERA METALICA P/GO RFS E70', NULL, 'UN'),
	(467, 'T 30600227', 'KIT ABRAZADERA METALICA P/GO RFS E78', NULL, 'UN'),
	(468, 'T 30600229', 'KIT PAT P/CABLE RG213', NULL, 'UN'),
	(469, 'T 30600230', 'KIT PAT AUTOSELLANTE P/CABLE 1/4"', NULL, 'UN'),
	(470, 'T 30600231', 'KIT PAT AUTOSELLANTE P/CABLE RG213', NULL, 'UN'),
	(471, 'T 30600232', 'KIT PAT AUTOSELLANTE P/CABLE 3/8"', NULL, 'UN'),
	(472, 'T 30600234', 'KIT PAT AUTOSELLANTE P/CABLE 1/2" S.FLEX', NULL, 'UN'),
	(473, 'T 30600235', 'KIT PAT AUTOSELLANTE P/CABLE 7/8"', NULL, 'UN'),
	(474, 'T 30600238', 'KIT PAT P/CABLE 3/8"', NULL, 'UN'),
	(475, 'T 30600239', 'KIT PAT P/CABLE 1/2" S.FLEX', NULL, 'UN'),
	(476, 'T 30600240', 'KIT PAT P/CABLE 7/8"', NULL, 'UN'),
	(477, 'T 30600241', 'KIT PAT P/CABLE 1 1/4"', NULL, 'UN'),
	(478, 'T 30600242', 'KIT PAT P/CABLE 1 5/8"', NULL, 'UN'),
	(479, 'T 30600244', 'CONECTOR ANDREW P/GO EWP64 CPR112G FIJO', NULL, 'UN'),
	(480, 'T 30600245', 'CONECTOR RFS P/GO E65 CPR137G SINT.', NULL, 'UN'),
	(481, 'T 30600246', 'CONECTOR RFS P/GO E70 CPR137G SINT.', NULL, 'UN'),
	(482, 'T 30600247', 'CONECTOR RFS P/GO E78 CPR112G SINT.', NULL, 'UN'),
	(483, 'T 30600249', 'CONECTOR ANDREW P/GO EWP77 CPR112G FIJO', NULL, 'UN'),
	(484, 'T 30600250', 'CONECTOR ANDREW P/GO EWP52 CPR159G FIJO', NULL, 'UN'),
	(485, 'T 30600251', 'CONECTOR ANDREW P/GO EWP52 CPR137G FIJO', NULL, 'UN'),
	(486, 'T 30600252', 'TRANSICION GO CPR159G-CPR137G L=152MM', NULL, 'UN'),
	(487, 'T 30600253', 'TRANSICION GO CPR137G-CPR112G L=152MM', NULL, 'UN'),
	(488, 'T 30600255', 'CONECTOR ANDREW P/GO EWP63 CPR137G SINT.', NULL, 'UN'),
	(489, 'T 30600256', 'CONECTOR ANDREW P/GO EWP63 CPR137G FIJO', NULL, 'UN'),
	(490, 'T 30600258', 'CONECTOR ANDREW P/GO EWP64 CPR137G FIJO', NULL, 'UN'),
	(491, 'T 30600262', 'PRESURIZADOR 48VCC CAPACIDAD 100L/H', NULL, 'UN'),
	(492, 'T 30600263', 'PROTECTOR COAXIL DC A 2500 MHZ NH-NH', NULL, 'UN'),
	(493, 'T 30600264', 'PROTECTOR COAXIL 1427 A 1525 MHZ NH-NH', NULL, 'UN'),
	(494, 'T 30600265', 'PROTECTOR COAXIL 2300 A 2500 MHZ NH-NH', NULL, 'UN'),
	(495, 'T 30600266', 'PROTECTOR COAXIL 5725 A 5850 MHZ NH-NH', NULL, 'UN'),
	(496, 'T 30600267', 'KIT ABRAZADERA PLASTICA P/1 CABLE 1/2"', NULL, 'UN'),
	(497, 'T 30600268', 'KIT ABRAZADERA PLASTICA P/2 CABLE 1/2"', NULL, 'UN'),
	(498, 'T 30600269', 'KIT ABRAZADERA PLASTICA P/3 CABLE 1/2"', NULL, 'UN'),
	(499, 'T 30600271', 'KIT ABRAZADERA PLASTICA P/ 2 CABLE 7/8"', NULL, 'UN'),
	(500, 'T 30600272', 'KIT ABRAZADERA PLASTICA P/ 3 CABLE 7/8"', NULL, 'UN'),
	(501, 'T 30600273', 'KIT ABRAZADERA PLASTICA P/1 CABLE 1 1/4"', NULL, 'UN'),
	(502, 'T 30600274', 'KIT ABRAZADERA PLASTICA P/2 CABLE 1 1/4"', NULL, 'UN'),
	(503, 'T 30600275', 'KIT ABRAZADERA PLASTICA P/3 CABLE 1 1/4"', NULL, 'UN'),
	(504, 'T 30600276', 'KIT ABRAZADERA PLASTICA P/1 CABLE 1 5/8"', NULL, 'UN'),
	(505, 'T 30600277', 'KIT ABRAZADERA PLASTICA P/2 CABLE 1 5/8"', NULL, 'UN'),
	(506, 'T 30600278', 'KIT ABRAZADERA PLASTICA P/3 CABLE 1 5/8"', NULL, 'UN'),
	(507, 'T 30600280', 'KIT ABRAZADERA PLASTICA P/2 CABLE 1/4"', NULL, 'UN'),
	(508, 'T 30600281', 'KIT ABRAZADERA PLASTICA P/3 CABLE 1/4"', NULL, 'UN'),
	(509, 'T 30600283', 'KIT ABRAZADERA PLASTICA P/2 CABLE RG213', NULL, 'UN'),
	(510, 'T 30600284', 'KIT ABRAZADERA PLASTICA P/3 CABLE RG213', NULL, 'UN'),
	(511, 'T 30600286', 'KIT ABRAZADERA PLASTICA P/2 CABLE 3/8"', NULL, 'UN'),
	(512, 'T 30600287', 'KIT ABRAZADERA PLASTICA P/3 CABLE 3/8"', NULL, 'UN'),
	(513, 'T 30700000', 'CUPLA DE ACOPLES DE BANDEJAS', NULL, 'UN'),
	(514, 'T 30700002', 'VARILLA ROSC.ROSCA W5/16"C/TUER Y ARAND.', NULL, 'UN'),
	(515, 'T 30700005', 'CABLE 6 F.O. MONO.STD IGNIFUGO', NULL, 'M'),
	(516, 'T 30700006', 'CABLE 12 F.O. MONO.STD. IGNIFUGO', NULL, 'M'),
	(517, 'T 30700007', 'CABLE 24 FO G.652.D IGNIFUGO', NULL, 'M'),
	(518, 'T 30700008', 'CABLE 60 FO G.652.D IGNIFUGO', NULL, 'M'),
	(519, 'T 30700009', 'CABLE 96 FO G.652.D IGNIFUGO', NULL, 'M'),
	(520, 'T 30700010', 'CABLE 48 FO G.652.D IGNIFUGO', NULL, 'M'),
	(521, 'T 30700011', 'CABLE 144 FO?G.652.D IGNIFUGO', NULL, 'M'),
	(522, 'T 30700012', 'CABLE 6 FO  MONO.STD. DIELEC.', NULL, 'M'),
	(523, 'T 30700013', 'CABLE 96 FO G.652.D DIELECTRICO', NULL, 'M'),
	(524, 'T 30700014', 'CABLE 144 FO?G.652.D DIELECTRICO', NULL, 'M'),
	(525, 'T 30700015', 'CABLE 12 F.O.MONO.STD.DIELEC. P/AEREO', NULL, 'M'),
	(526, 'T 30700016', 'CABLE 24 FO G.652.D DIELECTRICO P/AEREO', NULL, 'M'),
	(527, 'T 30700017', 'CAJA P/EMPALME 60 FO DOMO', NULL, 'UN'),
	(528, 'T 30700018', 'CAJA P/EMPALME 96 FO DOMO', NULL, 'UN'),
	(529, 'T 30700019', 'CAJA  EMPALME 24 FO P/AEREO Y SUBT.DOMO', NULL, 'UN'),
	(530, 'T 30700020', 'CAJA DE EMPALME P/144 FO DOMO', NULL, 'UN'),
	(531, 'T 30700021', 'PATCHCORD FO STD E2000-APC L=6M, 900 uM', NULL, 'UN'),
	(532, 'T 30700022', 'PATCHCORD FO STD FC-PC, L=6M, 900 uM', NULL, 'UN'),
	(533, 'T 30700023', 'PATCHCORD FO DS FC-PC, L=6M, 900 uM', NULL, 'UN'),
	(534, 'T 30700024', 'PATCHCORD FO STD SC-PC, L= 10M,  900 uM', NULL, 'UN'),
	(535, 'T 30700027', 'CABEZA D/CABLE D/12 FO P/BAST. SLIM', NULL, 'UN'),
	(536, 'T 30700028', 'ADAPTADOR D/INTERCONEXION E2000/E2000', NULL, 'UN'),
	(537, 'T 30700029', 'DISTRIBUIDOR HASTA  864 FO P/6 CABEZAS', NULL, 'UN'),
	(538, 'T 30700034', 'DISTRIBUIDOR 12FO L.CLIENTE PRECONEC. 6F', NULL, 'UN'),
	(539, 'T 30700035', 'PROTECCION TERMOCON. P/EMP. FO L=60MM', NULL, 'UN'),
	(540, 'T 30700036', 'PROTECCION TERMOCON. P/EMP. FO L=40MM', NULL, 'UN'),
	(541, 'T 30700037', 'SOPORTE 1 CANAL P/GANANCIA DE CABLES  FO', NULL, 'KI'),
	(542, 'T 30700038', 'SOPORTE 2 CANALES GANANCIA DE CABLE FO', NULL, 'KI'),
	(543, 'T 30700039', 'SOPORTE INSTALACION P/CAB. AEREO H/60 FO', NULL, 'UN'),
	(544, 'T 30700042', 'ADAPTADOR D/INTERCONEXION FC-PC/FC-PC', NULL, 'UN'),
	(545, 'T 30700044', 'CABLE 12 F.O. DS C/ARMADURA', NULL, 'M'),
	(546, 'T 30700045', 'CABLE 24 F.O.DS C/ARMADURA', NULL, 'M'),
	(547, 'T 30700046', 'CABLE 30 F.O. DS C/ARMADURA', NULL, 'M'),
	(548, 'T 30700048', 'CABLE 24 F.O.MONO.STD C/ARMADURA', NULL, 'M'),
	(549, 'T 30700051', 'CABLE 12 F.O.MONO.STD DIELECTRICO', NULL, 'M'),
	(550, 'T 30700052', 'CABLE 24 FO G.652.D DIELECTRICO', NULL, 'M'),
	(551, 'T 30700053', 'CABLE 48 FO?G.652.D DIELECTRICO', NULL, 'M'),
	(552, 'T 30700054', 'CABLE 60 FO?G.652.D DIELECTRICO', NULL, 'M'),
	(553, 'T 30700061', 'CABLE 36 F.O. DS C/ARMADURA', NULL, 'M'),
	(554, 'T 30700064', 'CABLE 60 F.O. DS DIELECTRICO', NULL, 'M'),
	(555, 'T 30700067', 'PATCHCORDS F.O.DINPC/DINPC 1 MFIBRA STD', NULL, 'UN'),
	(556, 'T 30700068', 'PATCHCORDS F.O. D4/DINPC 1,5 MFIBRA STD', NULL, 'UN'),
	(557, 'T 30700069', 'ATENUADOR OPTICO FIJO 5 DB CONECTOR FC', NULL, 'UN'),
	(558, 'T 30700070', 'ATENUADOR OPTICO FIJO 10 DB CONECTOR FC', NULL, 'UN'),
	(559, 'T 30700071', 'ATENUADOR OPTICO FIJO 15 DB CONECTOR FC', NULL, 'UN'),
	(560, 'T 30700072', 'ATENUADOR OPTICO FIJO 20 DB CONECTOR FC', NULL, 'UN'),
	(561, 'T 30700073', 'ATENUADOR OPTICO FIJO 5 DB CONECTOR SC', NULL, 'UN'),
	(562, 'T 30700074', 'ATENUADOR OPTICO FIJO 10 DB CONECTOR SC', NULL, 'UN'),
	(563, 'T 30700075', 'ATENUADOR OPTICO FIJO 15 DB CONECTOR SC', NULL, 'UN'),
	(564, 'T 30700076', 'ATENUADOR OPTICO FIJO 20 DB CONECTOR SC', NULL, 'UN'),
	(565, 'T 30700077', 'ATENUADOR OPTICO FIJO 5 DB CONECTOR LC', NULL, 'UN'),
	(566, 'T 30700078', 'ATENUADOR OPTICO FIJO 10 DB CONECTOR LC', NULL, 'UN'),
	(567, 'T 30700079', 'ATENUADOR OPTICO FIJO 15 DB CONECTOR LC', NULL, 'UN'),
	(568, 'T 30700080', 'ATENUADOR OPTICO FIJO 20 DB CONECTOR LC', NULL, 'UN'),
	(569, 'T 30700081', 'ATENUADOR OPTICO FIJO 5 DB CONECTOR ST', NULL, 'UN'),
	(570, 'T 30700082', 'ATENUADOR OPTICO FIJO 10 DB CONECTOR ST', NULL, 'UN'),
	(571, 'T 30700083', 'ATENUADOR OPTICO FIJO 15 DB CONECTOR ST', NULL, 'UN'),
	(572, 'T 30700084', 'ATENUADOR OPTICO FIJO 20 DB CONECTOR ST', NULL, 'UN'),
	(573, 'T 30700085', 'ATENUADOR OPTICO FIJO 5 DB CONEC. E2000', NULL, 'UN'),
	(574, 'T 30700086', 'ATENUADOR OPTICO FIJO 10 DB CONEC. E2000', NULL, 'UN'),
	(575, 'T 30700087', 'ATENUADOR OPTICO FIJO 15 DB CONEC. E2000', NULL, 'UN'),
	(576, 'T 30700088', 'ATENUADOR OPTICO FIJO 20 DB CONEC. E2000', NULL, 'UN'),
	(577, 'T 30700089', 'TRAMO REC.D/250MM D/ANC Y 3000MM D/LAR.', NULL, 'UN'),
	(578, 'T 30700090', 'TAPA PARA TRAMO RECTO DE 250MM', NULL, 'UN'),
	(579, 'T 30700093', 'UNION "T" BANDEJAS DE 250 MM', NULL, 'UN'),
	(580, 'T 30700095', 'CURVA PLANA A 90? PARA BANDEJA', NULL, 'UN'),
	(581, 'T 30700096', 'TAPA P/ CURVA A 90? D/BAND. D/250 MM', NULL, 'UN'),
	(582, 'T 30700099', 'CURVA VERTICAL PARA BANDEJAS', NULL, 'UN'),
	(583, 'T 30700100', 'TAPA P/ CURVA VERT DEBAND. D/250MMASC', NULL, 'UN'),
	(584, 'T 30700101', 'TAPA P/ CURVA VERT. DEBAND.D/250MM(DESC)', NULL, 'UN'),
	(585, 'T 30700128', 'CAB 12 FO MON.STD.IGNIF.TIR.D/30 A 300MS', NULL, 'M'),
	(586, 'T 30700129', 'CAB 12 FO MON.STD.IGN.TIR. D/301 A 600MS', NULL, 'M'),
	(587, 'T 30700130', 'CAB 24 FO MON.STD.IGN.TIR. D/30 A 300MS', NULL, 'M'),
	(588, 'T 30700131', 'CAB 24 FO MON.STD.IGN.TIR. D/301 A 600MS', NULL, 'M'),
	(589, 'T 30700132', 'CAB 60 FO MON.STD.IGNIF.TIR. D/30A 300MS', NULL, 'M'),
	(590, 'T 30700133', 'CAB 60 FO MON.STD.IGNIF.TIR.D/301A 600MS', NULL, 'M'),
	(591, 'T 30700134', 'CAB 96 FO MON.STD.IGN.TIR. D/30A 300MS', NULL, 'M'),
	(592, 'T 30700135', 'CAB 96 FO MON.STD.IGN.TIR. D/301 A 600MS', NULL, 'M'),
	(593, 'T 30700136', 'CAB 48 FO MON.STD.IGN.TIR. D/30A 300MS', NULL, 'M'),
	(594, 'T 30700137', 'CAB 48 FO MON.STD.IGN.TIR.D/301 A 600 MS', NULL, 'M'),
	(595, 'T 30700140', 'CAB 96 FO MON.STD.DIEL.TIR. D/30 A 300MS', NULL, 'M'),
	(596, 'T 30700144', 'CAB 24 FOMON.S.D.P/AER TIR. D/30A 300 MS', NULL, 'M'),
	(597, 'T 30700146', 'CABLE 36 FO  NZDS DIELECTRICO', NULL, 'M'),
	(598, 'T 30700147', 'CABLE 24 FO  NZDS DIELECTRICO', NULL, 'M'),
	(599, 'T 30700148', 'CABLE 36 FO  NZDS IGNIFUGO', NULL, 'M'),
	(600, 'T 30700149', 'CABLE 24 FO  NZDS IGNIFUGO', NULL, 'M'),
	(601, 'T 30700150', 'CABLE 36 FO NZDS AUTOSOPORTADO DIELEC.', NULL, 'M'),
	(602, 'T 30700151', 'CABLE 12 FO STD P/PRESURIZ.+4x0.6 CU', NULL, 'M'),
	(603, 'T 30700152', 'CABLE 24 FO STD P/PRESURIZ.+4x0.6 CU', NULL, 'M'),
	(604, 'T 30700153', 'CABLE 36 FO STD P/PRESURIZ.+4x0.6 CU', NULL, 'M'),
	(605, 'T 30700154', 'CABLE 48 FO STD P/PRESURIZ.+4x0.6 CU', NULL, 'M'),
	(606, 'T 30700155', 'CABLE 60 FO STD P/PRESURIZ.+4x0.6 CU', NULL, 'M'),
	(607, 'T 30700156', 'CABLE 12 FO STD P/PRESURIZ.+4x0.6CU,IGNI', NULL, 'M'),
	(608, 'T 30700157', 'CABLE 24 FO STD P/PRESURIZ.+4x0.6CU,IGNI', NULL, 'M'),
	(609, 'T 30700158', 'CABLE 36 FO STD P/PRESURIZ.+4x0.6CU,IGNI', NULL, 'M'),
	(610, 'T 30700159', 'CABLE 48 FO STD P/PRESURIZ.+4x0.6CU,IGNI', NULL, 'M'),
	(611, 'T 30700160', 'CABLE 60 FO STD P/PRESURIZ.+4x0.6CU,IGNI', NULL, 'M'),
	(612, 'T 30700161', 'PATCHCORD FO E2000/E2000 L=2MT, C.3MM', NULL, 'UN'),
	(613, 'T 30700162', 'PATCHCORD FO STD E2000-APC, L=6M', NULL, 'UN'),
	(614, 'T 30700163', 'PATCHCORD FO STD E2000-APC, L=10M', NULL, 'UN'),
	(615, 'T 30700164', 'PATCHCORD FO STD E2000-APC, L=14M', NULL, 'UN'),
	(616, 'T 30700165', 'PATCHCORD FO STD E2000-APC, L=20M', NULL, 'UN'),
	(617, 'T 30700166', 'PATCHCORD FO STD E2000-APC, L=30M', NULL, 'UN'),
	(618, 'T 30700167', 'PATCHCORD FO STD FC-PC, L=6M', NULL, 'UN'),
	(619, 'T 30700168', 'PATCHCORD FO STD FC-PC, L=10M', NULL, 'UN'),
	(620, 'T 30700169', 'PATCHCORD FO STD FC-PC, L=14M', NULL, 'UN'),
	(621, 'T 30700170', 'PATCHCORD FO STD FC-PC, L=20M', NULL, 'UN'),
	(622, 'T 30700171', 'PATCHCORD FO STD FC-PC, L=30M', NULL, 'UN'),
	(623, 'T 30700172', 'PATCHCORD FO STD FC-PC, L=35M**inhibido*', NULL, 'UN'),
	(624, 'T 30700174', 'PATCHCORD FO DS FC-PC, L=6M', NULL, 'UN'),
	(625, 'T 30700175', 'PATCHCORD FO DS FC-PC, L=10M', NULL, 'UN'),
	(626, 'T 30700176', 'PATCHCORD FO DS FC-PC, L=14M', NULL, 'UN'),
	(627, 'T 30700177', 'PATCHCORD FO DS FC-PC, L=20M', NULL, 'UN'),
	(628, 'T 30700178', 'PATCHCORD FO STD SC-PC, L=6 M', NULL, 'UN'),
	(629, 'T 30700179', 'PATCHCORD FO STD SC-PC, L=10 M', NULL, 'UN'),
	(630, 'T 30700180', 'PATCHCORD FO STD SC-PC, L=14 M', NULL, 'UN'),
	(631, 'T 30700181', 'PATCHCORD FO STD SC-PC, L=20 M', NULL, 'UN'),
	(632, 'T 30700182', 'PATCHCORD FO STD SC-PC, L=30 M', NULL, 'UN'),
	(633, 'T 30700184', 'PATCHCORD FO STD ST-PC, L=10 M', NULL, 'UN'),
	(634, 'T 30700185', 'PATCHCORD FO STD ST-PC L=14 M', NULL, 'UN'),
	(635, 'T 30700186', 'PATCHCORD FO STD ST-PC, L=20 M', NULL, 'UN'),
	(636, 'T 30700187', 'PATCHCORD FO STD ST-PC, L=30 M', NULL, 'UN'),
	(637, 'T 30700188', 'PATCHCORD D4/D4 L=2MT STD', NULL, 'UN'),
	(638, 'T 30700189', 'PATCHCORD FO D4/D4, L=3 MT', NULL, 'UN'),
	(639, 'T 30700190', 'PATCHCORD FO D4/D4, L=5 MT', NULL, 'UN'),
	(640, 'T 30700192', 'PATCHCORD FO D4/D4 L=15 MT', NULL, 'UN'),
	(641, 'T 30700194', 'PATCHCORD FO D4/D4 L=2 MT DS', NULL, 'UN'),
	(642, 'T 30700196', 'PATCHCORD FO STD  LC-PC, L=6 M', NULL, 'UN'),
	(643, 'T 30700197', 'PATCHCORD FO STD  LC-PC, L=10 M', NULL, 'UN'),
	(644, 'T 30700198', 'PATCHCORD FO STD  LC-PC, L=14 M', NULL, 'UN'),
	(645, 'T 30700199', 'PATCHCORD FO STD  LC-PC, L=20 M', NULL, 'UN'),
	(646, 'T 30700200', 'PATCHCORD FO STD  LC-PC, L=30 M', NULL, 'UN'),
	(647, 'T 30700201', 'PATCHCORD FO STD E2000-APC/SC-PC, L=6M', NULL, 'UN'),
	(648, 'T 30700202', 'PATCHCORD FO STD E2000-APC/SC-PC, L=10M', NULL, 'UN'),
	(649, 'T 30700203', 'PATCHCORD FO STD E2000-APC/SC-PC, L=14M', NULL, 'UN'),
	(650, 'T 30700204', 'PATCHCORD FO STD E2000-APC/SC-PC, L=20M', NULL, 'UN'),
	(651, 'T 30700205', 'PATCHCORD FO STD E2000-APC/SC-PC, L=30M', NULL, 'UN'),
	(652, 'T 30700206', 'PATCHCORD FO STD E2000-APC/ST-PC, L=6M', NULL, 'UN'),
	(653, 'T 30700207', 'PATCHCORD FO STD E2000-APC/ST-PC, L=10M', NULL, 'UN'),
	(654, 'T 30700208', 'PATCHCORD FO STD E2000-APC/ST-PC, L=14M', NULL, 'UN'),
	(655, 'T 30700209', 'PATCHCORD FO STD E2000-APC/ST-PC, L=20M', NULL, 'UN'),
	(656, 'T 30700210', 'PATCHCORD FO STD E2000-APC/ST-PC, L=30M', NULL, 'UN'),
	(657, 'T 30700211', 'PATCHCORD FO STD E2000-APC/FC-PC, L=6 M', NULL, 'UN'),
	(658, 'T 30700212', 'PATCHCORD FO STD E2000-APC/FC-PC, L=10M', NULL, 'UN'),
	(659, 'T 30700213', 'PATCHCORD FO STD E2000-APC/FC-PC, L=14M', NULL, 'UN'),
	(660, 'T 30700214', 'PATCHCORD FO STD E2000-APC/FC-PC, L=20M', NULL, 'UN'),
	(661, 'T 30700215', 'PATCHCORD FO STD E2000-APC/FC-PC, L=30M', NULL, 'UN'),
	(662, 'T 30700216', 'PATCHCORD FO STD FC-PC/SC-PC, L=6 M', NULL, 'UN'),
	(663, 'T 30700217', 'PATCHCORD FO STD FC-PC/SC-PC, L=10 M', NULL, 'UN'),
	(664, 'T 30700218', 'PATCHCORD FO STD FC-PC/SC-PC, L=14 M', NULL, 'UN'),
	(665, 'T 30700219', 'PATCHCORD FO STD FC-PC/SC-PC, L=20 M', NULL, 'UN'),
	(666, 'T 30700220', 'PATCHCORD FO STD FC-PC/SC-PC, L=30 M', NULL, 'UN'),
	(667, 'T 30700221', 'PATCHCORD FO STD FC-PC,  L=35 MT', NULL, 'UN'),
	(668, 'T 30700222', 'PATCHCORD FO STD FC-PC/ST-PC, L=6 M', NULL, 'UN'),
	(669, 'T 30700223', 'PATCHCORD FO STD FC-PC/ST-PC, L=10 M', NULL, 'UN'),
	(670, 'T 30700224', 'PATCHCORD FO STD FC-PC/ST-PC, L=14 M', NULL, 'UN'),
	(671, 'T 30700225', 'PATCHCORD FO STD FC-PC/ST-PC, L=20 M', NULL, 'UN'),
	(672, 'T 30700227', 'PATCHCORD FO STD SC-PC/ST-PC, L=6 MTS', NULL, 'UN'),
	(673, 'T 30700228', 'PATCHCORD FO STD SC-PC/ST-PC, L=10 M', NULL, 'UN'),
	(674, 'T 30700229', 'PATCHCORD FO STD SC-PC/ST-PC, L=14 M', NULL, 'UN'),
	(675, 'T 30700230', 'PATCHCORD FO STD SC-PC/ST-PC, L=20 M', NULL, 'UN'),
	(676, 'T 30700231', 'PATCHCORD FO STD SC-PC/ST-PC, L=30 M', NULL, 'UN'),
	(677, 'T 30700232', 'PATCHCORD FO D4/DINPC L=10 MT', NULL, 'UN'),
	(678, 'T 30700233', 'PATCHCORD FO D4/DINPC L=15 MT', NULL, 'UN'),
	(679, 'T 30700234', 'PATCHCORD FO D4/SCPC L=5 MT', NULL, 'UN'),
	(680, 'T 30700235', 'PATCHCORD FO SCPC/D4 L=10 MT', NULL, 'UN'),
	(681, 'T 30700236', 'PATCHCORD FO SCPC/DINPC L=10', NULL, 'UN'),
	(682, 'T 30700237', 'PATCHCORD FO SCPC/DINPC L=15', NULL, 'UN'),
	(683, 'T 30700238', 'PATCHCORD FO FCPC/DINPC L=5 MT', NULL, 'UN'),
	(684, 'T 30700241', 'PATCHCORD FO STD  FCPC/D4 L=25 MTS', NULL, 'UN'),
	(685, 'T 30700242', 'PATCHCORD FO STD FC-PC/LC-PC,  L=6 M', NULL, 'UN'),
	(686, 'T 30700243', 'PATCHCORD FO STD FC-PC/LC-PC,  L=10 M', NULL, 'UN'),
	(687, 'T 30700244', 'PATCHCORD FO STD FC-PC/LC-PC,  L=14 M', NULL, 'UN'),
	(688, 'T 30700246', 'PATCHCORD FO STD FC-PC/LC-PC,  L=20 M', NULL, 'UN'),
	(689, 'T 30700247', 'PATCHCORD FO STD FC-PC/LC-PC,  L=25 MTS', NULL, 'UN'),
	(690, 'T 30700248', 'PATCHCORD FO STD FC-PC/LC-PC  L=30 M', NULL, 'UN'),
	(691, 'T 30700249', 'PATCHCORD FO STD E2000-APC/LC-PC, L=6 M', NULL, 'UN'),
	(692, 'T 30700250', 'PATCHCORD FO STD E2000-APC/LC-PC, L=10M', NULL, 'UN'),
	(693, 'T 30700251', 'PATCHCORD FO STD E2000-APC/LC-PC, L= 14M', NULL, 'UN'),
	(694, 'T 30700252', 'PATCHCORD FO STD E2000-APC/LC-PC, L=20M', NULL, 'UN'),
	(695, 'T 30700253', 'PATCHCORD FO STD E2000-APC/LC-PC,  L=30M', NULL, 'UN'),
	(696, 'T 30700254', 'PATCHCORD FO STD ST-PC/LC-PC,  L=6 M', NULL, 'UN'),
	(697, 'T 30700255', 'PATCHCORD FO STD ST-PC/LC-PC,  L=10 M', NULL, 'UN'),
	(698, 'T 30700256', 'PATCHCORD FO STD ST-PC/LC-PC,  L=14 M', NULL, 'UN'),
	(699, 'T 30700257', 'PATCHCORD FO STD ST-PC/LC-PC,  L=20 M', NULL, 'UN'),
	(700, 'T 30700258', 'PATCHCORD FO STD ST-PC/LC-PC,  L=30 M', NULL, 'UN'),
	(701, 'T 30700259', 'PATCHCORD FO STD SC-PC/LC-PC,  L=6 M', NULL, 'UN'),
	(702, 'T 30700260', 'PATCHCORD FO STD SC-PC/LC-PC,  L=10 M', NULL, 'UN'),
	(703, 'T 30700261', 'PATCHCORD FO STD SC-PC/LC-PC,  L=14 M', NULL, 'UN'),
	(704, 'T 30700262', 'PATCHCORD FO STD SC-PC/LC-PC,  L=20 M', NULL, 'UN'),
	(705, 'T 30700263', 'PATCHCORD FO STD SC-PC/LC-PC,  L=30 M', NULL, 'UN'),
	(706, 'T 30700264', 'PATCHCORD FO STD E2000-APC/D4  30 M', NULL, 'UN'),
	(707, 'T 30700265', 'BASTIDOR FO P/CABEZAS 19" ( 220x30x30CM)', NULL, 'UN'),
	(708, 'T 30700268', 'CABEZA D/CAB.72 FO /BAST.TIPO ADC IZQUIE', NULL, 'UN'),
	(709, 'T 30700269', 'ADAPTADOR HEMBRA/HEMBRAP/CONECTORES ST', NULL, 'UN'),
	(710, 'T 30700270', 'CABEZA D/CABLE 96 FO LADO DERECHO', NULL, 'UN'),
	(711, 'T 30700271', 'CABEZA D/CABLE 96 FO LADO IZQUIERDO', NULL, 'UN'),
	(712, 'T 30700272', 'BASTIDOR FO P/CABEZAS 19" ( 220x60x30CM)', NULL, 'UN'),
	(713, 'T 30700274', 'CABEZA. D/CAB P/24 FO P/BAST. ETSI "ADC"', NULL, 'UN'),
	(714, 'T 30700275', 'CABEZA DE CABLE 19" P/12 FO', NULL, 'UN'),
	(715, 'T 30700278', 'CAB 24 FODS C/ARMAD. TIR. D/301 A 600MS', NULL, 'M'),
	(716, 'T 30700281', 'CAB 12 FO MON.STD C/AR.TIR.D/30 A 300 MS', NULL, 'M'),
	(717, 'T 30700282', 'CAB 12 FO MON.STD C/AR.TIR.D/301 A 600MS', NULL, 'M'),
	(718, 'T 30700283', 'CAB 24 FOMON.STD C/ARM.TIR. D/30A 300MS', NULL, 'M'),
	(719, 'T 30700284', 'CAB 24 FOMON.STD C/ARM.TIR. D/301A 600MS', NULL, 'M'),
	(720, 'T 30700285', 'CAB 48 FOMON.STD C/ARM TIR. D/30 A 300MS', NULL, 'M'),
	(721, 'T 30700286', 'CAB 48 FOMON.STD C/ARM TIR. D/301A 600MS', NULL, 'M'),
	(722, 'T 30700287', 'CAB 60 FOMON.STD C/ARM TIR. D/30 A 300MS', NULL, 'M'),
	(723, 'T 30700288', 'CAB 60 FOMON.STD C/ARM TIR. D/301A 600MS', NULL, 'M'),
	(724, 'T 30700290', 'CAB 12 FO MON.STD DIEL.TIR. D/301A 600MS', NULL, 'M'),
	(725, 'T 30700291', 'CAB 24 FOMON.STD DIELEC.TIR. D/30A 300MS', NULL, 'M'),
	(726, 'T 30700292', 'CAB 24 FOMON.STD DIE.TIR. D/301 A 600 MS', NULL, 'M'),
	(727, 'T 30700293', 'CAB 48 FOMON.STD DIEL.TIR. D/30 A 300 MS', NULL, 'M'),
	(728, 'T 30700294', 'CAB 48 FOMON.STD DIEL.TIR. D/301 A 600MS', NULL, 'M'),
	(729, 'T 30700295', 'CAB 60 FO MON.STD DIEL.TIR. D/30 A 300MS', NULL, 'M'),
	(730, 'T 30700296', 'CAB 60 FO MON.STD DIEL.TIR. D/301A 600MS', NULL, 'M'),
	(731, 'T 30700298', 'CAJA D/EMPALME  72 F.O. (RECTANGULAR)', NULL, 'UN'),
	(732, 'T 30700299', 'CAJA D/EMPALME 24 FO (RECTANGULAR)', NULL, 'UN'),
	(733, 'T 30700302', 'CAB 24 FO NZDS C/AR.TIR. D/301 A 600MS', NULL, 'UN'),
	(734, 'T 30700306', 'CORDON CONECT.F.OPTICA LSH-HRL', NULL, 'UN'),
	(735, 'T 30700371', 'CABEZA D/CABLE 144 FO LADO DERECHO', NULL, 'UN'),
	(736, 'T 30700372', 'CABEZA D/CABLE 144 FO LADO IZQUIERDO', NULL, 'UN'),
	(737, 'T 30700391', 'CABLE 36 FO G.652.D DIELEC. P/ENTERRAR', NULL, 'M'),
	(738, 'T 30700401', 'DISTRIBUIDOR FO(FTTX) P/EDIF L/CENTRAL', NULL, 'UN'),
	(739, 'T 30700442', 'CABLE 60 FO G.652.D DIELECTRICO P/AEREO', NULL, 'M'),
	(740, 'T 30700466', 'CAJA D/EMPALME P/8 SPLITTER FO', NULL, 'UN'),
	(741, 'T 30700467', 'CAJA D/DISTRIBUCION 2 FO', NULL, 'UN'),
	(742, 'T 30700468', 'CAJA D/DISTRIBUCION 8/16 FO', NULL, 'UN'),
	(743, 'T 30700469', 'CAJA DISTRIBUCION 12 FO P/EDIFICO', NULL, 'UN'),
	(744, 'T 30700482', 'BLOQUE TERMINAL OPTICO (BTO) P/EXTERIOR', NULL, 'UN'),
	(745, 'T 30700492', 'CABLE 1 FO G.657 B3 P/BAJADA FTTH', NULL, 'M'),
	(746, 'T 30700493', 'CABLE 12 FO G657 A1 P/DITRIBUCION FTTH', NULL, 'M'),
	(747, 'T 30700494', 'CABLE 1 FO G.657 B3 P/INST.INTERIOR FTTH', NULL, 'M'),
	(748, 'T 30700495', 'CABLE 48 FO G657 A2 P/VERTICAL P/EDIF.', NULL, 'M'),
	(749, 'T 30700501', 'PATHCORD FO SC-APC (G.657B3) L=2MTS', NULL, 'UN'),
	(750, 'T 30700504', 'DIVISOR OPTICO PASIVO 2:8 CON.SC-APC LGX', NULL, 'UN'),
	(751, 'T 30700505', 'DIVISOR OPTICO PASIVO 1:8 S/CONECT', NULL, 'UN'),
	(752, 'T 30700506', 'DIVISOR OPTICO PASIVO 2:64 CONEC. SC-APC', NULL, 'UN'),
	(753, 'T 30700511', 'CABLE 288 FO G.652.D DIELECTRICO', NULL, 'M'),
	(754, 'T 30700512', 'CAJA P/EMPALME 288FO DOMO', NULL, 'UN'),
	(755, 'T 30700531', 'CABLE 144 FO G.652.D DIELECTRICO P/AEREO', NULL, 'M'),
	(756, 'T 30700591', 'SOPORTE INSTALACION P/CAB AEREO DE 144FO', NULL, 'UN'),
	(757, 'T 30700592', 'CONJ. PREFORMADO P/FO AEREA DE 144FO', NULL, 'UN'),
	(758, 'T 30700632', 'ARMARIO DISTRIB. FO FTTX 96 CONECTORES', NULL, 'UN'),
	(759, 'T 30700701', 'PATCHCORD FO G657A2 SC-APC L=6M, 900 uM', NULL, 'UN'),
	(760, 'T 30700724', 'DISTRIBUIDOR FO(FTTX) P/EDIF.48C L/CLIE.', NULL, 'UN'),
	(761, 'T 30701031', 'KIT CONECTOR MECANICO SC-APC C/CORTADORA', NULL, 'KI'),
	(762, 'T 30701121', 'MICROCABLE 24 FO CORRUGADO  DIEL?CTRICO', NULL, 'M'),
	(763, 'T 30701122', 'CAJA D/DISTRIBUCION 8 FO P/EDIF. CONECT.', NULL, 'UN'),
	(764, 'T 30800000', 'SUFRIDERA (PERNO HINCADO)PARA JABALINA', NULL, 'UN'),
	(765, 'T 30800001', 'JABALINA PARA TOMA TIERRA', NULL, 'UN'),
	(766, 'T 30800002', 'MANGUITO D/ACOPLAMIENTO  D/JABALINA', NULL, 'UN'),
	(767, 'T 30800003', 'TOMA CABLE DE TIERRA A JABALINA', NULL, 'UN'),
	(768, 'T 30800058', 'BATERIA 7AH P/PCU D/TERMINAL WLL TADIRAN', NULL, 'UN'),
	(769, 'T 30800059', 'BATERIA 3,3 AH P/PCU TERMINALWLL TADIRAN', NULL, 'UN'),
	(770, 'T 30800060', 'BATERIA TERMINAL WLL KRONE.TELELINK 2', NULL, 'UN'),
	(771, 'T 30800062', 'PROTECTOR DE TENSION P/TERMINALES WLL', NULL, 'UN'),
	(772, 'T 30800063', 'REGULADOR DE TENSION P/PANELES SOLARES', NULL, 'UN'),
	(773, 'T 31200000', 'TAPA+ARMAZON COMPLETA P/CAM.CALZADA', NULL, 'UN'),
	(774, 'T 31200001', 'TAPA CAMARA EXTERIOR D=921 MM P/EX222102', NULL, 'UN'),
	(775, 'T 31200003', 'ANILLO CAUCHO D=749 MM  P/CAMARA CALZADA', NULL, 'UN'),
	(776, 'T 31200005', 'CAMARA PREMOLDEADA D/3 TAPAS', NULL, 'UN'),
	(777, 'T 31200006', 'CAMARA PREMOLDEADA D/4 TAPAS', NULL, 'UN'),
	(778, 'T 31200007', 'TAPA PARA CAMARAS PREMOLDEADAS', NULL, 'UN'),
	(779, 'T 31200008', 'CAMARA DISTRIBUCION D/PRFV TIPO DU4', NULL, 'UN'),
	(780, 'T 31200009', 'CAMARA ACCESO DE VEREDA 500x270x250 MM', NULL, 'UN'),
	(781, 'T 31200010', 'TAPA+ARMAZON COMPL.P/CAM.VEREDA AL=250MM', NULL, 'UN'),
	(782, 'T 31200011', 'TAPA+ARMAZON COMPL.P/CAM.VEREDA AL=80MM', NULL, 'UN'),
	(783, 'T 31200012', 'CONJUNTO MARCO Y TAPAPARA CAMARA DV3', NULL, 'UN'),
	(784, 'T 31200013', 'CONJUNTO MARCO Y TAPAPARA CAMARA DV4', NULL, 'UN'),
	(785, 'T 31200014', 'CONJUNTO MARCO Y TAPA PARA CAMARA DV5', NULL, 'UN'),
	(786, 'T 31200015', 'CONJUNTO MARCO Y TAPAPARA CAMARA DV6', NULL, 'UN'),
	(787, 'T 31200016', 'CONJUNTO MARCO Y TAPAPARA CAMARA DV7', NULL, 'UN'),
	(788, 'T 31200017', 'MODULO P/TAPAS D/CAMARA DV', NULL, 'UN'),
	(789, 'T 31200018', 'TAPA CAMARA EXTERIOR D=654 MM P/EX222151', NULL, 'UN'),
	(790, 'T 31200019', 'TAPA CAMARA EXTERIOR D=730 MM (VEREDA)', NULL, 'UN'),
	(791, 'T 31200020', 'TAPA CAMARA EXTERIOR D=750 MM (VEREDA)', NULL, 'UN'),
	(792, 'T 31200021', 'TAPA CAMARA INTERIOR D=720 MM P/EX222153', NULL, 'UN'),
	(793, 'T 31200023', 'TAPA CAM. EXTER.D=725 MMP/EX222152 HORM.', NULL, 'UN'),
	(794, 'T 31200024', 'TAPA CAM. EXTER.D=750MMP/222153/154 HOR.', NULL, 'UN'),
	(795, 'T 31200025', 'TAPA CAMARA INTERIOR D=720 MM P/EX222154', NULL, 'UN'),
	(796, 'T 31200026', 'REJILLA PARA CAMARA', NULL, 'UN'),
	(797, 'T 31200027', 'CA?O ACERO CINCADO 1" C/CUPLA D/ UNION', NULL, 'M'),
	(798, 'T 31200028', 'CA?O ACERO CINC. 1 1/4" C/CUPLA D/ UNION', NULL, 'M'),
	(799, 'T 31200029', 'CA?O ACERO CINC. 1 1/2" C/CUPLA D/ UNION', NULL, 'M'),
	(800, 'T 31200030', 'CA?O ACERO CINC. 2" C/CUPLA D/UNION', NULL, 'M'),
	(801, 'T 31200031', 'CA?O ACERO CINC. 2 1/2" C/CUPLA D/UNION', NULL, 'M'),
	(802, 'T 31200032', 'CA?O ACERO CINC. 3" C/CUPLA D/UNION', NULL, 'M'),
	(803, 'T 31200033', 'CA?O ACERO CINCA. 4" C/CUPLA D/UNION', NULL, 'M'),
	(804, 'T 31200034', 'TUBO DE PVC RIGIDO 45/50', NULL, 'UN'),
	(805, 'T 31200035', 'TUBO DE PVC RIGIDO 87/92', NULL, 'UN'),
	(806, 'T 31200037', 'TUBO CORRUGADO TIPO CO-FLEX', NULL, 'RO'),
	(807, 'T 31200038', 'MONOTUBO 32/36 P/TENDIDO EN DUCTOS', NULL, 'M'),
	(808, 'T 31200039', 'TRITUBO D/POLIETILENO 34/40 P/TENDIDO FO', NULL, 'M'),
	(809, 'T 31200040', 'MANGUITO UNION PARA TRITUBOS', NULL, 'UN'),
	(810, 'T 31200041', 'TUBO DE PVC RIGIDO 87/95', NULL, 'UN'),
	(811, 'T 31200042', 'MANGUITO UNION PARA TUBO 87/92', NULL, 'UN'),
	(812, 'T 31200043', 'MANGUITO UNION REDUCTOR 87/95a87/92', NULL, 'UN'),
	(813, 'T 31200044', 'CURVA 10? D/PVC RIGIDO 87/92 RADIO 3 MT', NULL, 'UN'),
	(814, 'T 31200045', 'CURVA 90? D/PVC RIGIDO 87/92 RADIO 600MM', NULL, 'UN'),
	(815, 'T 31200047', 'CURVA 90? D/PVC RIGIDO 45/50 RADIO 450MM', NULL, 'UN'),
	(816, 'T 31200048', 'CURVA 90? D/PVC RIGIDO 45/50 RADIO 1MT', NULL, 'UN'),
	(817, 'T 31200049', 'TAPA DE PVC PARA TUBOS 45/50', NULL, 'UN'),
	(818, 'T 31200050', 'MANGUITO UNION TUBO DE PVC (45/50)', NULL, 'UN'),
	(819, 'T 31200051', 'MANGUITO UNI.RED.P/TUBO 223383/385', NULL, 'UN'),
	(820, 'T 31200052', 'CABEZAL D/ANCLAJE P/TUBO POLIETIL. 32/36', NULL, 'UN'),
	(821, 'T 31200055', 'PEINE BASE 2BOCAS P/CA? 45/50 CAT.223384', NULL, 'UN'),
	(822, 'T 31200057', 'PEINE BASE 4BOCAS P/CA? 45/50 CAT.223384', NULL, 'UN'),
	(823, 'T 31200058', 'PEINE INTER.2X4 BOC.P/CA? 45/50 C.223384', NULL, 'UN'),
	(824, 'T 31200059', 'PEINE BASE PL. 4BOC.P/CA? 87/92 C.223385', NULL, 'UN'),
	(825, 'T 31200060', 'PEINE IN.PL.2X4 BOC P/CA? 87/92 C.223385', NULL, 'UN'),
	(826, 'T 31200061', 'PEINE BASE PL. 2BOC.P/CA? 87/92 C.223385', NULL, 'UN'),
	(827, 'T 31200062', 'PEINE IN.PL.2X2 BOC P/CA? 87/92 C.223385', NULL, 'UN'),
	(828, 'T 31200064', 'SE?ALIZADOR LOCALIZACION MINIMARKER', NULL, 'UN'),
	(829, 'T 31200065', 'SE?ALIZADOR LOCALIZACION  BALL MARKER', NULL, 'UN'),
	(830, 'T 31200066', 'HILO GUIA DIAM. 2 MM', NULL, 'RO'),
	(831, 'T 31200067', 'CHAPA P/IDENTIF. CIRCULAR P/CABLE SUBT.', NULL, 'UN'),
	(832, 'T 31200070', 'GRAPA DE TIRO P/EMPOTRAR EN CAMARAS', NULL, 'UN'),
	(833, 'T 31200071', 'PROTECCION PLAST.  "U" P/CAB. 45x525MM', NULL, 'UN'),
	(834, 'T 31200073', 'CANALETA PROTEC.P/CAB.CINC.135X50X2000MM', NULL, 'UN'),
	(835, 'T 31200074', 'CANALETA PROTEC.P/CAB.CINC.135X90X2000MM', NULL, 'UN'),
	(836, 'T 31200075', 'CANALETA PROTEC.P/CAB. ALQ. 80X80X2000MM', NULL, 'UN'),
	(837, 'T 31200076', 'CANALETA PROTEC.P/CAB.ALQ. 135X50X2000MM', NULL, 'UN'),
	(838, 'T 31200077', 'CANALETA PROTEC.P/CAB.ALQ. 135X90X2000MM', NULL, 'UN'),
	(839, 'T 31200079', 'REGLETA C/18 ABERTURAS P/SOPORTES D/CAB.', NULL, 'UN'),
	(840, 'T 31200080', 'SOPORTE D/ACERO P/CABLES L=100MM', NULL, 'UN'),
	(841, 'T 31200081', 'SOPORTE D/ACERO P/CABLES 190MM', NULL, 'UN'),
	(842, 'T 31200082', 'SOPORTE D/ACERO P/CABLES L=255MM', NULL, 'UN'),
	(843, 'T 31200084', 'CORDON FIB. VIDR. A.S.C.C. MAIL 25/06/03', NULL, 'UN'),
	(844, 'T 31200088', 'TAPON CERRADO P/DUCTO FO 32/34', NULL, 'UN'),
	(845, 'T 31200089', 'TAPON ABIERTO P/DUCTO FO 32/34', NULL, 'UN'),
	(846, 'T 31200090', 'TAPON CERRADO P/DUCTO FO 34/40', NULL, 'UN'),
	(847, 'T 31200091', 'TAPON ABIERTO P/DUCTO FO 34/40', NULL, 'UN'),
	(848, 'T 31200092', 'TAPON ABIERTO P/TUB 45/50  CAB.D=9a18MM', NULL, 'UN'),
	(849, 'T 31200093', 'TAPON ABIERTO P/TUB 45/50  CAB.D=18a28MM', NULL, 'UN'),
	(850, 'T 31200094', 'TAPON ABIERTO P/TUB 87/XX  CAB.D=18a38MM', NULL, 'UN'),
	(851, 'T 31200095', 'TAPON ABIERTO P/TUB 87/XX  CAB.D=35a55MM', NULL, 'UN'),
	(852, 'T 31200096', 'TAPON ABIERTO P/TUB 87/XX  CAB.D=55a69MM', NULL, 'UN'),
	(853, 'T 31200097', 'TAPON CERRADO P/TUBOS 87/XX', NULL, 'UN'),
	(854, 'T 31200099', 'CONJ.M/T D/FUNDICONP/CAMARA DV5 (VEREDA)', NULL, 'UN'),
	(855, 'T 31200100', 'CONJ.M/T D/FUN.P/CAM. DV4 /CALZ.800X1300', NULL, 'UN'),
	(856, 'T 31200103', 'MARCO DV5 P/TAPAS DE ACERO ESTAMPADO', NULL, 'UN'),
	(857, 'T 31200104', 'MARCO DV4 P/TAPAS DE ACERO ESTAMPADO', NULL, 'UN'),
	(858, 'T 31200105', 'ACOPLE P/TUBO D/25MM EN CAMARAS PRFV', NULL, 'UN'),
	(859, 'T 31200110', 'ACOPLE P/TUBO D/90MM EN CAMARAS PRFV', NULL, 'UN'),
	(860, 'T 31200111', 'CONJUNTO MARCO/TAPA DV3 D/ACERO ESTAMP.', NULL, 'UN'),
	(861, 'T 31200112', 'CONJUNTO MARCO/TAPA DV4 D/ACERO ESTAMP.', NULL, 'UN'),
	(862, 'T 31200113', 'CONJUNTO MARCO/TAPA DV5 D/ACERO ESTAMP.', NULL, 'UN'),
	(863, 'T 31200116', 'TUBO POLIETILENO DIAM. EXT.=110 MM', NULL, 'M'),
	(864, 'T 31200117', 'TUBO POLIETILENO DIAM. EXT.=25 MM', NULL, 'M'),
	(865, 'T 31200118', 'TUBO POLIETILENO DIAM. EXT.=32 MM', NULL, 'M'),
	(866, 'T 31200120', 'TUBO POLIETILENO DIAM. EXT.=50 MM', NULL, 'M'),
	(867, 'T 31200121', 'TUBO POLIETILENO DIAM. EXT.=63 MM', NULL, 'M'),
	(868, 'T 31200122', 'TUBO POLIETILENO DIAM. EXT.=90 MM', NULL, 'M'),
	(869, 'T 31200123', 'HITO D/SE?ALIZ. D/CAMRA D/EMPALME CAB.FO', NULL, 'UN'),
	(870, 'T 31200124', 'HITO D/SE?ALIZ. P/CAMARA D/PASO CAB. FO', NULL, 'UN'),
	(871, 'T 31200125', 'TAPON ABIER. P/TUBO 99/110 CAB.D=45a55MM', NULL, 'UN'),
	(872, 'T 31200127', 'TAPON ABIER.P/TUBO 19/25 CAB.D=7.5a12MM', NULL, 'UN'),
	(873, 'T 31200128', 'TAPON ABIER. P/TUBO 29/32 CAB. D=12a16MM', NULL, 'UN'),
	(874, 'T 31200129', 'TAPON ABIER. P/TUBO 33/40 CAB. D=16a19MM', NULL, 'UN'),
	(875, 'T 31200130', 'TAPON ABIER. P/TUBO 43/50 CAB. D=19a25MM', NULL, 'UN'),
	(876, 'T 31200132', 'TAPON ABIER. P/TUBO 87/90 CAB. D=45a55MM', NULL, 'UN'),
	(877, 'T 31200133', 'TAPON CERRADO P/TUBOS 93,8/110 MM', NULL, 'UN'),
	(878, 'T 31200135', 'TAPON CERRADO P/TUBOS 24,8/32 MM', NULL, 'UN'),
	(879, 'T 31200137', 'TAPON CERRADO P/TUBOS 42,6/50 MM', NULL, 'UN'),
	(880, 'T 31200138', 'TAPON CERRADO P/TUBOS 53,6/63 MM', NULL, 'UN'),
	(881, 'T 31200139', 'TAPON CERRADO P/TUBOS 76,8/90 MM', NULL, 'UN'),
	(882, 'T 31200141', 'TAPA/MARCO P/CAMARAS DV3 EN PRFV', NULL, 'UN'),
	(883, 'T 31200145', 'DILUYENTE P/SELLADOR D/TAPAS D/CAMARAS', NULL, 'KI'),
	(884, 'T 31200146', 'SELLADOR PARA TAPAS DE CAMARAS', NULL, 'KI'),
	(885, 'T 31200149', 'CONJUNTO MARCO/TAPA DV6 D/ACERO ESTAMP.', NULL, 'UN'),
	(886, 'T 31200151', 'CONJUNTO MARCO/TAPA DV7 D/ACERO ESTAMP.', NULL, 'UN'),
	(887, 'T 31300001', 'ARMARIO POSTES 700 PARES', NULL, 'UN'),
	(888, 'T 31300002', 'ARMARIO PARA POSTES 300 PARES', NULL, 'UN'),
	(889, 'T 31300003', 'ARMARIO DE 1 PUERTA DE 700 PARES', NULL, 'UN'),
	(890, 'T 31300005', 'ARMARIO DE 2  PUERTAS 1400 PARES', NULL, 'UN'),
	(891, 'T 31300006', 'SOPORTE P/10 MODULOS TIPO KRONE ALTO', NULL, 'UN'),
	(892, 'T 31300007', 'MODULO CONEXION TIPO KRONE 10 PARES', NULL, 'UN'),
	(893, 'T 31300008', 'MODULO CORTE Y PRUEBA  TIPO KRONE 10 PS', NULL, 'UN'),
	(894, 'T 31300009', 'MAGAZINE PROTECCION P/MODULOS TIPO KRONE', NULL, 'UN'),
	(895, 'T 31300010', 'MAGAZINE PROTECCION KRONE', NULL, 'UN'),
	(896, 'T 31300011', 'DESCARGADOR GASEOSO P/MAGAZINE EX210021', NULL, 'UN'),
	(897, 'T 31300012', 'TAPA PROTECTORAP/MODULOS 210016/017', NULL, 'UN'),
	(898, 'T 31300013', 'CORDON D/PRUEBA TETRAPOLAR P/MOD.KRONE', NULL, 'UN'),
	(899, 'T 31300017', 'MAGAZINE PROTEC.P/MOD.POUYET S/CONTINUID', NULL, 'UN'),
	(900, 'T 31300018', 'MODULO CORTE Y PRUEBA TIPO POUYET 10 PS', NULL, 'UN'),
	(901, 'T 31300019', 'MODULO CONEXION TIPO POUYET 10 PARES', NULL, 'UN'),
	(902, 'T 31300020', 'CORDON PUENTE P/MODULOS TIPO POUYET', NULL, 'UN'),
	(903, 'T 31300021', 'CORDON PRUEBA TETRAPOLAR MOD.TIPO POUYE', NULL, 'UN'),
	(904, 'T 31300024', 'DESCARGADOR GASEOSO TRIP.P/MAGAZ.210037', NULL, 'UN'),
	(905, 'T 31300026', 'DEFENSA PROTECTORA DE  ARMARIOS', NULL, 'UN'),
	(906, 'T 31300027', 'SOPORTE P/10 MODULOS TIPO POUYET', NULL, 'UN'),
	(907, 'T 31300029', 'SOPORTE P/MODULOS POUYET VER. FRANCES', NULL, 'UN'),
	(908, 'T 31300031', 'SOPORTE P/10 MODULOS TIPO KRONE BAJO', NULL, 'UN'),
	(909, 'T 31300032', 'BLOQUE HORIZONTAL D/ALTA DENSID. C/CORTE', NULL, 'UN'),
	(910, 'T 31300037', 'MODULO D/HERRAJES REPART. MED. Y GRANDE', NULL, 'UN'),
	(911, 'T 31300038', 'MODULO D/HERRAJ.REPART. D/PARED O CHICO', NULL, 'UN'),
	(912, 'T 31300039', 'CONJUNTO D/HERRAJE  P/TUNEL DE/CABLES', NULL, 'UN'),
	(913, 'T 31300040', 'CONJUNTO D/HERRAJE FIN P/TUNEL D/CABLES', NULL, 'UN'),
	(914, 'T 31300041', 'JUEGO PARRILLAS PROTEC.REPAR .MED./GRAND', NULL, 'UN'),
	(915, 'T 31300042', 'SOPORTE GUIA P/HERRAJES EN REPARTIDORES', NULL, 'UN'),
	(916, 'T 31300045', 'MANIJA PLASTICAARMARIO DE 700/1400 PS', NULL, 'UN'),
	(917, 'T 31300046', 'PLACA PESTILLO', NULL, 'UN'),
	(918, 'T 31300047', 'PUERTA DE ZOCALO', NULL, 'UN'),
	(919, 'T 31300053', 'TECHO EXTERNOARMARIOS DE 700/1400 PS', NULL, 'UN'),
	(920, 'T 31300054', 'BURLETE P/ PUERTA ARM. D/700/1400 PS', NULL, 'UN'),
	(921, 'T 31300073', 'CIERRE MEC.P/ARM C/COMB. P/REG.LIT./MEDI', NULL, 'UN'),
	(922, 'T 31300074', 'LLAVE P/CIERRRE .MEC.ARM.C/COMB  LIT/MED', NULL, 'UN'),
	(923, 'T 31300075', 'MODULO CONTIN. AMARILLO P/BLOQ.TERM 100P', NULL, 'UN'),
	(924, 'T 31300076', 'MODULO PUESTA A TIERRA /BLOQ.TERM.100P', NULL, 'UN'),
	(925, 'T 31300077', 'MODULO PROTECCION ELECTRONICA COLOR GRIS', NULL, 'UN'),
	(926, 'T 31300078', 'MODULO PROTECCION ELECTRONICA,  NARANJA', NULL, 'UN'),
	(927, 'T 31300080', 'ARMARIO EDIFICIO150/200 PARES', NULL, 'UN'),
	(928, 'T 31300083', 'BLOQUE TERMINAL 128 PS C/CORTE', NULL, 'UN'),
	(929, 'T 31300084', 'BLOQUE TERMINAL ( C-318) 100 PARES', NULL, 'UN'),
	(930, 'T 31300085', 'BASTIDOR P/DDF TIPO N2 ALTURA 2600 MM', NULL, 'UN'),
	(931, 'T 31300086', 'BASTIDOR P/DDF TIPO N3 ALTURA 2200 MM', NULL, 'UN'),
	(932, 'T 31300087', 'REGLETA COAXIL 16 CONECTORES P/DDF', NULL, 'UN'),
	(933, 'T 31300088', 'REGLETA COAXIL 40 CONECTORES P/DDF', NULL, 'UN'),
	(934, 'T 31300092', 'BASTIDOR 19 " P/SIST. SSERT', NULL, 'UN'),
	(935, 'T 31300094', 'PROTECCION P/MUX MARCA MARCONI', NULL, 'UN'),
	(936, 'T 31300096', 'CAPUCHON P/PROT. D/ARM D/UNA 1 PUERTA', NULL, 'UN'),
	(937, 'T 31300097', 'CAPUCHON P/PROT. D/ARM D/2 PUERTAS', NULL, 'UN'),
	(938, 'T 31300098', 'CIERRE MEC.P/ARM C/COMB. P/REG. BS.AS.', NULL, 'UN'),
	(939, 'T 31300099', 'LLAVE P/CIERRRE .MEC.ARM.C/COMB  BS.AS.', NULL, 'UN'),
	(940, 'T 31300115', 'BASTIDOR P/DDF BIFRENTE 2600MM', NULL, 'UN'),
	(941, 'T 31300116', 'BASTIDOR P/DDF BIFRENTE 2200MM', NULL, 'UN'),
	(942, 'T 31300117', 'BASTIDOR P/DDF ALCATEL DC-120', NULL, 'UN'),
	(943, 'T 31300118', 'REGLETA COAXIL 16 CONEC. ALCAT', NULL, 'UN'),
	(944, 'T 31300152', 'ARMARIO D/CHAPA D/1 PUERTA 700 PARES', NULL, 'UN'),
	(945, 'T 31300153', 'PEDESTAL ALTO P/ARM. D/CHAPA', NULL, 'UN'),
	(946, 'T 31300154', 'MODULO PROTEC. ELECTRONICA P/XDSL AZUL', NULL, 'UN'),
	(947, 'T 31300163', 'ARMARIO D/CHAPA D/2 PUERTA 1400 PARES', NULL, 'UN'),
	(948, 'T 31300164', 'PEDESTAL BAJO P/ARM. D/CHAPA', NULL, 'UN'),
	(949, 'T 31300166', 'PLANTILLA DE ANCLAJE P/ARM D/CHAPA', NULL, 'UN'),
	(950, 'T 31400001', 'ALAMBRE ACERO D=4,8 MMP/RIENDA-SUSPENSOR', NULL, 'M'),
	(951, 'T 31400002', 'ALAMBRE ACERO D=8,1 MMP/RIENDA-SUSPENSOR', NULL, 'M'),
	(952, 'T 31400003', 'ALAMBRE ACERO D=9 MMP/RIENDA-SUSPENSOR', NULL, 'M'),
	(953, 'T 31400004', 'ALAMBRE ACERO D=6 MMP/CRUCE AMERICANO', NULL, 'M'),
	(954, 'T 31400006', 'ALAMBRE ACERO DEVANDORA D=2.3MM ROL.70M', NULL, 'RO'),
	(955, 'T 31400007', 'ANCLA D/EXPANSION 150 MMP/FIJAR RIENDA', NULL, 'UN'),
	(956, 'T 31400008', 'ANCLA D/EXPANSION 175 MMP/FIJAR RIENDA', NULL, 'UN'),
	(957, 'T 31400009', 'ANCLA D/EXPANSION 200 MMP/FIJAR RIENDA', NULL, 'UN'),
	(958, 'T 31400010', 'ANCLA D/EXPASION DE 240 MMP/FIJAR RIENDA', NULL, 'UN'),
	(959, 'T 31400011', 'BARRA P/ANCLA L=2240 MM , D=15.8', NULL, 'UN'),
	(960, 'T 31400012', 'BARRA P/ANCLA L=2750 MM , D=19.1 MM', NULL, 'UN'),
	(961, 'T 31400013', 'BARRA P/ANCLA L=3050MM , D=25.4 MM', NULL, 'UN'),
	(962, 'T 31400015', 'BARRA P/ANCLA L=1500 MM , D=15.8 MM', NULL, 'UN'),
	(963, 'T 31400016', 'BARRA P/ANCLA L=1800 MM , D=19.1 MM', NULL, 'UN'),
	(964, 'T 31400019', 'ANCLA PARA ROCA', NULL, 'UN'),
	(965, 'T 31400020', 'ARANDELA CUADRADA  PLANA 57 MM , D=18 MM', NULL, 'UN'),
	(966, 'T 31400027', 'BRAZO D/EXTEN. CHICO P/RIEN. S/ SI MISMA', NULL, 'UN'),
	(967, 'T 31400028', 'BRAZO D/EXTEN. GRANDEP/RIEN. S/ SI MISMA', NULL, 'UN'),
	(968, 'T 31400029', 'BULON 5/8"W CABEZA/TUERCA CUADR. L=160MM', NULL, 'UN'),
	(969, 'T 31400030', 'BULON 5/8"W CABEZA/TUERCA CUADR. L=180MM', NULL, 'UN'),
	(970, 'T 31400031', 'BULON 5/8"W CABEZA/TUERCA CUADR. L=200MM', NULL, 'UN'),
	(971, 'T 31400032', 'BULON 5/8"W CABEZA/TUERCA CUADR. L=260MM', NULL, 'UN'),
	(972, 'T 31400034', 'BULON 5/8"W CABEZA/TUERCA CUADR. L=350MM', NULL, 'UN'),
	(973, 'T 31400035', 'BULON 5/8"W CABEZA/TUERCA CUADR. L=400MM', NULL, 'UN'),
	(974, 'T 31400036', 'BULON 5/8"W CABEZA/TUERCA CUADR. L=450MM', NULL, 'UN'),
	(975, 'T 31400038', 'BULON 5/8"W CABEZA/TUERCA CUADR. L=550MM', NULL, 'UN'),
	(976, 'T 31400045', 'ESPARRAGO 5/8"W L=350MM C/TUERCAS CUADR.', NULL, 'UN'),
	(977, 'T 31400046', 'ESPARRAGO 5/8"W L=400MM C/TUERCAS CUADR.', NULL, 'UN'),
	(978, 'T 31400047', 'ESPARRAGO 5/8"W L=450MM C/TUERCAS CUADR.', NULL, 'UN'),
	(979, 'T 31400048', 'ESPARRAGO 5/8"W L=500MM C/TUERCAS CUADR.', NULL, 'UN'),
	(980, 'T 31400049', 'BULON DE OJO RECTO 5/8"WL=180 MM C/TUERC', NULL, 'UN'),
	(981, 'T 31400050', 'BULON DE OJO RECTO 5/8"WL=205 MM C/TUERC', NULL, 'UN'),
	(982, 'T 31400051', 'BULON DE OJO RECTO 5/8"WL=230 MM C/TUERC', NULL, 'UN'),
	(983, 'T 31400052', 'BULON DE OJO RECTO 5/8"WL=255 MM C/TUERC', NULL, 'UN'),
	(984, 'T 31400053', 'BULON DE OJO RECTO 3/4"WL=180 MM C/TUERC', NULL, 'UN'),
	(985, 'T 31400054', 'BULON DE OJO RECTO 3/4"WL=210 MM C/TUERC', NULL, 'UN'),
	(986, 'T 31400057', 'BULON DE OJO RECTO 5/8"W SIN TUERCA', NULL, 'UN'),
	(987, 'T 31400058', 'BULON OJO CURVO 5/8"WL=180 MM C/TUERCA', NULL, 'UN'),
	(988, 'T 31400059', 'BULON OJO CURVO 5/8"WL=205 MM C/TUERCA', NULL, 'UN'),
	(989, 'T 31400060', 'BULON OJO CURVO 5/8"WL=230 MM C/TUERCA', NULL, 'UN'),
	(990, 'T 31400061', 'BULON OJO CURVO 5/8"WL=255 MM C/TUERCA', NULL, 'UN'),
	(991, 'T 31400063', 'BULON OJO CURVO 3/4"WL=210 MM C/TUERCA', NULL, 'UN'),
	(992, 'T 31400064', 'BULON OJO CURVO 3/4"WL=240 MM C/TUERCA', NULL, 'UN'),
	(993, 'T 31400066', 'BULON OJO CURVO 1"WL=180 MM C/TUERCA', NULL, 'UN'),
	(994, 'T 31400067', 'BULON OJO CURVO 1"WL=210 MM C/TUERCA', NULL, 'UN'),
	(995, 'T 31400068', 'BULON OJO CURVO 1"WL=240 MM C/TUERCA', NULL, 'UN'),
	(996, 'T 31400070', 'BULON OJO RECTO 5/8"WL=180MM TUER. D/OJO', NULL, 'UN'),
	(997, 'T 31400071', 'BULON OJO RECTO 5/8"WL=205MM TUER. D/OJO', NULL, 'UN'),
	(998, 'T 31400072', 'BULON OJO RECTO 5/8"WL=230MM TUER. D/OJO', NULL, 'UN'),
	(999, 'T 31400074', 'BULON OJO RECTO 3/4"WL=180MM TUER. D/OJO', NULL, 'UN'),
	(1000, 'T 31400075', 'BULON OJO RECTO 3/4"WL=210MM TUER. D/OJO', NULL, 'UN'),
	(1001, 'T 31400076', 'BULON OJO CURVO 5/8"WL=180MM TUER. D/OJO', NULL, 'UN'),
	(1002, 'T 31400077', 'BULON OJO CURVO 5/8"WL=205MM TUER. D/OJO', NULL, 'UN'),
	(1003, 'T 31400078', 'BULON OJO CURVO 5/8"WL=230MM TUER. D/OJO', NULL, 'UN'),
	(1004, 'T 31400080', 'BULON OJO CURVO 3/4"WL=210MM TUER. D/OJO', NULL, 'UN'),
	(1005, 'T 31400081', 'BULON OJO CURVO 3/4"WL=240MM TUER. D/OJO', NULL, 'UN'),
	(1006, 'T 31400082', 'BULON OJO CURVO 3/4"WL=270MM TUER. D/OJO', NULL, 'UN'),
	(1007, 'T 31400083', 'BULON OJO CURVO 1"WL=240 MM TUER. D/OJO', NULL, 'UN'),
	(1008, 'T 31400084', 'BULON OJO CURVO 1"WL=270 MM TUER. D/OJO', NULL, 'UN'),
	(1009, 'T 31400085', 'BULON 3/8"W CABEZA/TUERCA CUADR. L=40MM', NULL, 'UN'),
	(1010, 'T 31400086', 'BULON 1/4"Wx20MM, TUERCA HEXA.Y ARN. AL', NULL, 'KI'),
	(1011, 'T 31400087', 'CONEC. TIPO NUEZ D/FUND.P/EMPALMAR SUSP.', NULL, 'UN'),
	(1012, 'T 31400092', 'ESTRIBO P/POSTES FORMA "L"  254x22 MM', NULL, 'UN'),
	(1013, 'T 31400093', 'ESTRIBO P/POSTES FORMA "L"  254x60 MM', NULL, 'UN'),
	(1014, 'T 31400094', 'ESTRIBO DE MADERA', NULL, 'UN'),
	(1015, 'T 31400095', 'GANCHO TIPO J P/INST.CAB. AEREO E/POSTE', NULL, 'UN'),
	(1016, 'T 31400096', 'TIRA ABARZADERA CINC D/300 MM', NULL, 'UN'),
	(1017, 'T 31400097', 'TIRA ABRAZADERA CINC D/520 MM.', NULL, 'UN'),
	(1018, 'T 31400098', 'TIRA ABRAZADERA CINC D/650 MM.', NULL, 'UN'),
	(1019, 'T 31400099', 'TIRA ABRAZADERA CINC D/700 MM.', NULL, 'UN'),
	(1020, 'T 31400102', 'GRAMPA C/2 BUL 95MM P/RET. SUSP. ACE/RIE', NULL, 'UN'),
	(1021, 'T 31400103', 'GRAMPA C/3 BUL 149MM P/RET. SUSP.ACE/RIE', NULL, 'UN'),
	(1022, 'T 31400104', 'GRAMPA D/SUSP. 2 BUL/SUJ SUSP.  A POSTE', NULL, 'UN'),
	(1023, 'T 31400106', 'POSTE DE 7,5 M. GRUESO', NULL, 'UN'),
	(1024, 'T 31400108', 'POSTE DE 8,5 M. GRUESO', NULL, 'UN'),
	(1025, 'T 31400109', 'POSTE DE 8,5 M. MEDIANO', NULL, 'UN'),
	(1026, 'T 31400111', 'POSTE DE 10 M, GRUESO', NULL, 'UN'),
	(1027, 'T 31400112', 'POSTE DE 10 M, MEDIANO', NULL, 'UN'),
	(1028, 'T 31400113', 'POSTE DE 11 M, GRUESO', NULL, 'UN'),
	(1029, 'T 31400114', 'POSTE DE 11 M, MEDIANO', NULL, 'UN'),
	(1030, 'T 31400120', 'POSTE DE 16 M. MEDIANO', NULL, 'UN'),
	(1031, 'T 31400121', 'CONJ. PREFORMADO P/FO AEREA HASTA 60FO', NULL, 'KI'),
	(1032, 'T 31400122', 'PROTECCION DOBLE (2 MED.CA?AS)P/SUSPENS.', NULL, 'PA'),
	(1033, 'T 31400123', 'PROTECCION FORMA"U" D/CHAPA 2440x36X32MM', NULL, 'UN'),
	(1034, 'T 31400124', 'PROTECCION FORMA"U" D/CHAPA 2440x59X55MM', NULL, 'UN'),
	(1035, 'T 31400125', 'PROTECCION 1/2CA?. ANCH:25MM LONG.2500MM', NULL, 'UN'),
	(1036, 'T 31400126', 'PROTECCION 1/2CA?.PVC A:45MMLONG.2500 MM', NULL, 'UN'),
	(1037, 'T 31400127', 'SOPORTE D/APOYO P/ESCALERA EN POSTE', NULL, 'UN'),
	(1038, 'T 31400128', 'SOPORTE CADENA', NULL, 'UN'),
	(1039, 'T 31400129', 'TUERCA DE OJO DE D=16 MM.', NULL, 'UN'),
	(1040, 'T 31400130', 'TUERCA DE OJO DE D=19 MM.', NULL, 'UN'),
	(1041, 'T 31400132', 'TUERCA D/OJO  W5/8" P/FIJ.CAB FO E/POSTE', NULL, 'UN'),
	(1042, 'T 31400146', 'POSTE DE HORMIGON TRONCOCONICO DE 7,50 M', NULL, 'UN'),
	(1043, 'T 31400159', 'POSTE DE 7,5 M.', NULL, 'UN'),
	(1044, 'T 31400168', 'POSTE DE 8,5 M. GRUESO', NULL, 'UN'),
	(1045, 'T 31400171', 'POSTE DE 8,5 M. MEDIANO', NULL, 'UN'),
	(1046, 'T 31400172', 'POSTE DE 10 M. GRUESO', NULL, 'UN'),
	(1047, 'T 31400173', 'POSTE DE 10 M. MEDIANO', NULL, 'UN'),
	(1048, 'T 31400174', 'POSTE DE 11 M. GRUESO', NULL, 'UN'),
	(1049, 'T 31400175', 'POSTE DE 11 M. MEDIANO', NULL, 'UN'),
	(1050, 'T 31400176', 'POSTE DE 13 M. GRUESO', NULL, 'UN'),
	(1051, 'T 31400177', 'POSTE DE 13 M. MEDIANO', NULL, 'UN'),
	(1052, 'T 31400178', 'POSTE DE 16 M.', NULL, 'UN'),
	(1053, 'T 31400186', 'SOPORTE P/FIJACION DE LA PERTIGA', NULL, 'UN'),
	(1054, 'T 31400196', 'POSTE DE HORMIGON CUADRADO DE 7,50 M', NULL, 'UN'),
	(1055, 'T 31400216', 'POSTE DE HORMIGON DE LINEA DE 8,5 M R400', NULL, 'UN'),
	(1056, 'T 31400217', 'POSTE DE HORMIGON DE LINEA DE 10 M R500', NULL, 'UN'),
	(1057, 'T 31400218', 'POSTE DE HORMIGON DE LINEA DE 11 M', NULL, 'UN'),
	(1058, 'T 31400221', 'POSTE DE EUCALIPTO PRESERVADO 9m GRUESO', NULL, 'UN'),
	(1059, 'T 31400222', 'POSTE DE EUCALIPTO PRESERVADO 9m MEDIANO', NULL, 'UN'),
	(1060, 'T 31400223', 'ABRAZADER PARA POSTE 160mm', NULL, 'UN'),
	(1061, 'T 31400224', 'ORDENADOR DE BAJADA CORTO', NULL, 'UN'),
	(1062, 'T 31400225', 'ORDENADOR DE BAJADAS LARGO', NULL, 'UN'),
	(1063, 'T 31400226', 'POSTE DE HORMIGON DE LINEA 8,5 M R600', NULL, 'UN'),
	(1064, 'T 31400227', 'POSTE DE HORMIGON DE LINEA 10 M R650', NULL, 'UN'),
	(1065, 'T 31400236', 'ESTRIBO PARA POSTE DE HORMIGON', NULL, 'UN'),
	(1066, 'T 31400246', 'POSTE DE PRFV 7,5m / R300', NULL, 'UN'),
	(1067, 'T 31400247', 'POSTE DE PRFV 9m / R400 MEDIANO', NULL, 'UN'),
	(1068, 'T 31400248', 'POSTE DE PRFV 9m / R600 GRUESO', NULL, 'UN'),
	(1069, 'T 31400249', 'POSTE DE PRFV 10m / R500 MEDIANO', NULL, 'UN'),
	(1070, 'T 31400276', 'ABRAZADERA PARA POSTES 210mm', NULL, 'UN'),
	(1071, 'T 31400286', 'ESTRIBO PARA ESCALAR POSTES DE PRFV', NULL, 'UN'),
	(1072, 'T 31600000', 'ORU 2,5 W C/OMT Y LNA 160K SA', NULL, 'UN'),
	(1073, 'T 31600002', 'CHASSIS 8 CU SA 7800', NULL, 'UN'),
	(1074, 'T 31600003', 'UNIDAD CANAL C/FAX RELAY CU', NULL, 'UN'),
	(1075, 'T 31600004', 'CANCELADOR ECO E1 64ms TELLABS', NULL, 'UN'),
	(1076, 'T 31600005', 'CONVERTIDOR POTENCIA TELLABS', NULL, 'UN'),
	(1077, 'T 31600006', 'SUBASTIDOR 19" TELLABS 258J,', NULL, 'UN'),
	(1078, 'T 31600007', 'CONVERTIDOR POTENCIA TELLABS', NULL, 'UN'),
	(1079, 'T 31600008', 'SUBBASTIDOR 19" TELLABS 8 POSI', NULL, 'UN'),
	(1080, 'T 31600009', 'ESTACION DAMA SA 8000, 2CU,', NULL, 'UN'),
	(1081, 'T 31600010', 'ESTACION SCPC SUB E1 PARA SER-', NULL, 'UN'),
	(1082, 'T 31600011', 'CHASSIS FI AC SA 8000', NULL, 'UN'),
	(1083, 'T 31600012', 'PLACA CU VFD SA 8000', NULL, 'UN'),
	(1084, 'T 31600014', 'TRANSCEPTOR CODAN 16 W BANDA KU', NULL, 'UN'),
	(1085, 'T 31600015', 'MODEM CDM 600, G703, D&I', NULL, 'UN'),
	(1086, 'T 31600016', 'PLACA TRASLADORA DE PULSOS D/TASACION', NULL, 'UN'),
	(1087, 'T 31600017', 'R.E.MONOCANAL"KOMBI" MOD.MONOKOM UP', NULL, 'UN'),
	(1088, 'T 31600018', 'FUENTE ALIMENTACION 220/13.2', NULL, 'UN'),
	(1089, 'T 31600019', 'CONVERTIDOR 48/13.2 PARA MONO-', NULL, 'UN'),
	(1090, 'T 31600020', 'RE MNC ACS TMC-25 250 MHZ(2H-SIN SIGILO)', NULL, 'UN'),
	(1091, 'T 31600021', 'RE MNC ACS TMC-35 350 MHZ(2H-SIN SIGILO)', NULL, 'UN'),
	(1092, 'T 31600022', 'RE MNC ACS TMC-45 450 MHZ(2H-SIN SIGILO)', NULL, 'UN'),
	(1093, 'T 31600023', 'INTERFAZ TELEF.A 6 HILOS P/RE MNC "ACS"', NULL, 'UN'),
	(1094, 'T 31600024', 'MODULO DE SIGILO P/ RE MNC "ACS"', NULL, 'UN'),
	(1095, 'T 31600025', 'MANUAL TEC. RE MONOCANAL ACS', NULL, 'UN'),
	(1096, 'T 31600026', 'TRANSCEPTOR TERMINAL RE ALCA-', NULL, 'UN'),
	(1097, 'T 31600027', 'TRANSCEPTOR TERMINAL RE ALCA-', NULL, 'UN'),
	(1098, 'T 31600028', 'TRANSCEPTOR TERMINAL RE ALCA-', NULL, 'UN'),
	(1099, 'T 31600029', 'TRANSCEPTOR TERMINAL RE ALCA-', NULL, 'UN'),
	(1100, 'T 31600030', 'TRANSCEPTOR TERMINAL RE ALCA-', NULL, 'UN'),
	(1101, 'T 31600031', 'TRANSCEPTOR TERMINAL RE ALCA-', NULL, 'UN'),
	(1102, 'T 31600032', 'TRANSCEPTOR REPETIDOR RE ALCA-', NULL, 'UN'),
	(1103, 'T 31600033', 'TRANSCEPTOR REPETIDOR RE ALCA-', NULL, 'UN'),
	(1104, 'T 31600034', 'TRANSCEPTOR REPETIDOR RE ALCA-', NULL, 'UN'),
	(1105, 'T 31600035', 'TRANSCEPTOR REPETIDOR RE ALCA-', NULL, 'UN'),
	(1106, 'T 31600036', 'TRANSCEPTOR REPETIDOR RE ALCA-', NULL, 'UN'),
	(1107, 'T 31600037', 'TRANSCEPTOR REPETIDOR RE ALCA-', NULL, 'UN'),
	(1108, 'T 31600038', 'TRANSCEPTOR REPETIDOR RE ALCA-', NULL, 'UN'),
	(1109, 'T 31600039', 'TRANSCEPTOR REPETIDOR RE ALCA-', NULL, 'UN'),
	(1110, 'T 31600040', 'BASTIDOR CONMUTACION 1+1 RE ALCATEL 9467', NULL, 'UN'),
	(1111, 'T 31600041', 'BASTIDOR SERVICIOS TERM. RE ALCATEL 9467', NULL, 'UN'),
	(1112, 'T 31600042', 'BASTIDOR INTERC.TERMINAL RE ALCATEL 9467', NULL, 'UN'),
	(1113, 'T 31600043', 'RADIOENLACE SIEMENS L SRA 4X2,', NULL, 'UN'),
	(1114, 'T 31600044', 'RADIOENLACE SIEMENS L SRA 4X2,', NULL, 'UN'),
	(1115, 'T 31600045', 'RADIOENLACE SIEMENS L SRA 4X2,', NULL, 'UN'),
	(1116, 'T 31600046', 'RADIOENLACE SIEMENS SRAL 4X2,', NULL, 'UN'),
	(1117, 'T 31600047', 'RADIOENLACE SIEMENS SRAL 4X2,', NULL, 'UN'),
	(1118, 'T 31600048', 'RADIOENLACE SIEMENS SRAL 4X2,', NULL, 'UN'),
	(1119, 'T 31600049', 'RADIOENLACE SIEMENS SRAL 4X2,', NULL, 'UN'),
	(1120, 'T 31600050', 'RADIOENLACE SIEMENS SRAL 4X2,', NULL, 'UN'),
	(1121, 'T 31600051', 'RADIOENLACE SIEMENS SRAL 4X2,', NULL, 'UN'),
	(1122, 'T 31600052', 'RADIOENLACE SIEMENS SRAL 4X2,', NULL, 'UN'),
	(1123, 'T 31600053', 'RADIOENLACE SIEMENS SRAL 4X2,', NULL, 'UN'),
	(1124, 'T 31600054', 'RADIOENLACE SIEMENS SRAL 4X2,', NULL, 'UN'),
	(1125, 'T 31600055', 'RADIOENLACE SIEMENS SRAL 4X2,', NULL, 'UN'),
	(1126, 'T 31600056', 'RADIOENLACE SIEMENS SRAL 4X2,', NULL, 'UN'),
	(1127, 'T 31600057', 'RADIOENLACE SIEMENS SRAL 4X2,', NULL, 'UN'),
	(1128, 'T 31600058', 'RADIOENLACE SIEMENS SRAL 4X2,', NULL, 'UN'),
	(1129, 'T 31600059', 'RADIOENLACE SIEMENS SRAL 4X2,', NULL, 'UN'),
	(1130, 'T 31600060', 'RADIOENLACE SIEMENS SRAL 4X2,', NULL, 'UN'),
	(1131, 'T 31600061', 'RADIOENLACE SIEMENS SRA L 4X2', NULL, 'UN'),
	(1132, 'T 31600062', 'RADIOENLACE SIEMENS L SRA 4X2,', NULL, 'UN'),
	(1133, 'T 31600063', 'RADIOENLACE SIEMENS SRA L 4X2', NULL, 'UN'),
	(1134, 'T 31600064', 'RADIOENLACE SIEMENS SRA L 4X2', NULL, 'UN'),
	(1135, 'T 31600065', 'RADIOENLACE SIEMENS SRA L 16X2', NULL, 'UN'),
	(1136, 'T 31600066', 'RADIOENLACE SIEMENS SRA L 16X2', NULL, 'UN'),
	(1137, 'T 31600067', 'RADIOENLACE SIEMENS SRA L 16X2', NULL, 'UN'),
	(1138, 'T 31600068', 'RADIOENLACE SIEMENS SRA L 16X2', NULL, 'UN'),
	(1139, 'T 31600069', 'RADIOENLACE SIEMENS SRA L 16X2', NULL, 'UN'),
	(1140, 'T 31600070', 'RADIOENLACE SIEMENS SRA L 16X2', NULL, 'UN'),
	(1141, 'T 31600071', 'RADIOENLACE SIEMENS SRA L 16X2', NULL, 'UN'),
	(1142, 'T 31600072', 'RE SIE SRT1F HP 1+1DF 6U TX/RX=1-3', NULL, 'UN'),
	(1143, 'T 31600073', 'RE SIE SRT1F HP 1+1DF 6U TX/RX=3-5', NULL, 'UN'),
	(1144, 'T 31600074', 'RE SIE SRT1F HP 1+1DF 6U TX/RX=5-7', NULL, 'UN'),
	(1145, 'T 31600075', 'RE SIE SRT1F HP 1+1DF 6U TX/RX=2-4', NULL, 'UN'),
	(1146, 'T 31600076', 'RE SIE SRT1F HP 1+1DF 6U TX/RX=4-6', NULL, 'UN'),
	(1147, 'T 31600077', 'RE SIE SRT1F HP 1+1DF 6U TX/RX=6-8', NULL, 'UN'),
	(1148, 'T 31600078', 'RE SIE SRT1F HP 1+1DFE 6U TX/RX=1-3', NULL, 'UN'),
	(1149, 'T 31600079', 'RE SIE SRT1F HP 1+1DFE 6U TX/RX=3-5', NULL, 'UN'),
	(1150, 'T 31600080', 'RE SIE SRT1F HP 1+1DFE 6U TX/RX=5-7', NULL, 'UN'),
	(1151, 'T 31600081', 'RE SIE SRT1F HP 1+1DFE 6U TX/RX=2-4', NULL, 'UN'),
	(1152, 'T 31600082', 'RE SIE SRT1F HP 1+1DFE 6U TX/RX=4-6', NULL, 'UN'),
	(1153, 'T 31600083', 'RE SIE SRT1F HP 1+1DFE 6U TX/RX=6-8', NULL, 'UN'),
	(1154, 'T 31600084', 'RE SIE SRT1F HP 2+1DF 6U TX/RX=1-3-5', NULL, 'UN'),
	(1155, 'T 31600085', 'RE SIE SRT1F HP 2+1DF 6U TX/RX=3-5-7', NULL, 'UN'),
	(1156, 'T 31600086', 'RE SIE SRT1F HP 2+1DF 6U TX/RX=2-4-6', NULL, 'UN'),
	(1157, 'T 31600087', 'RE SIE SRT1F HP 2+1DF 6U TX/RX=4-6-8', NULL, 'UN'),
	(1158, 'T 31600088', 'RE SIE SRT1F HP 2+1DFE 6U TX/RX=1-3-5', NULL, 'UN'),
	(1159, 'T 31600089', 'RE SIE SRT1F HP 2+1DFE 6U TX/RX=3-5-7', NULL, 'UN'),
	(1160, 'T 31600090', 'RE SIE SRT1F HP 2+1DFE 6U TX/RX=2-4-6', NULL, 'UN'),
	(1161, 'T 31600091', 'RE SIE SRT1F HP 2+1DFE 6U TX/RX=4-6-8', NULL, 'UN'),
	(1162, 'T 31600092', 'RE SIE SRT1F HP 1+1DF 7U TX/RX=1-3', NULL, 'UN'),
	(1163, 'T 31600093', 'RE SIE SRT1F HP 1+1DF 7U TX/RX=3-5', NULL, 'UN'),
	(1164, 'T 31600094', 'RE SIE SRT1F HP 1+1DF 7U TX/RX=2-4', NULL, 'UN'),
	(1165, 'T 31600095', 'RE SIE SRT1F HP 1+1DFE 7U TX/RX=1-3', NULL, 'UN'),
	(1166, 'T 31600096', 'RE SIE SRT1F HP 1+1DFE 7U TX/RX=3-5', NULL, 'UN'),
	(1167, 'T 31600097', 'RE SIE SRT1F HP 1+1DFE 7U TX/RX=2-4', NULL, 'UN'),
	(1168, 'T 31600098', 'RE SIE SRT1F HP 1+1DF 8L TX/RX=1-3', NULL, 'UN'),
	(1169, 'T 31600099', 'RE SIE SRT1F HP 1+1DF 8L TX/RX=3-5', NULL, 'UN'),
	(1170, 'T 31600100', 'RE SIE SRT1F HP 1+1DF 8L TX/RX=5-7', NULL, 'UN'),
	(1171, 'T 31600101', 'RE SIE SRT1F HP 1+1DF 8L TX/RX=2-4', NULL, 'UN'),
	(1172, 'T 31600102', 'RE SIE SRT1F HP 1+1DF 8L TX/RX=4-6', NULL, 'UN'),
	(1173, 'T 31600103', 'RE SIE SRT1F HP 1+1DF 8L TX/RX=6-8', NULL, 'UN'),
	(1174, 'T 31600104', 'RE SIE SRT1F HP 1+1DFE 8L TX/RX=1-3', NULL, 'UN'),
	(1175, 'T 31600105', 'RE SIE SRT1F HP 1+1DFE 8L TX/RX=3-5', NULL, 'UN'),
	(1176, 'T 31600106', 'RE SIE SRT1F HP 1+1DFE 8L TX/RX=5-7', NULL, 'UN'),
	(1177, 'T 31600107', 'RE SIE SRT1F HP 1+1DFE 8L TX/RX=2-4', NULL, 'UN'),
	(1178, 'T 31600108', 'RE SIE SRT1F HP 1+1DFE 8L TX/RX=4-6', NULL, 'UN'),
	(1179, 'T 31600109', 'RE SIE SRT1F HP 1+1DFE 8L TX/RX=6-8', NULL, 'UN'),
	(1180, 'T 31600110', 'R.E. 4x2 Mb/s 1+0, 7/8 GHZ', NULL, 'UN'),
	(1181, 'T 31600111', 'R.E.4x2 Mb/s 1+0, 7/8 GHZ', NULL, 'UN'),
	(1182, 'T 31600112', 'R.E.4x2 Mb/s 1+1, HSB 7/8 GHZ', NULL, 'UN'),
	(1183, 'T 31600113', 'R.E.4x2 Mb/s 1+1 HSB 7/8 GHZ', NULL, 'UN'),
	(1184, 'T 31600114', 'R.E.4x2 Mb/s 1+0, 15 GHZ 9415', NULL, 'UN'),
	(1185, 'T 31600115', 'R.E.4x2 Mb/s 1+0, 15 GHZ 9415', NULL, 'UN'),
	(1186, 'T 31600116', 'R.E.4x2 Mb/s 1+1, HSB 15 GHZ', NULL, 'UN'),
	(1187, 'T 31600117', 'R.E.4x2 Mb/s 1+1 HSB 15 GHZ', NULL, 'UN'),
	(1188, 'T 31600118', 'R.E.4x2 Mb/s 1+0, 23 GHZ 9423', NULL, 'UN'),
	(1189, 'T 31600119', 'R.E.4x2 Mb/s 1+0, 23 GHZ 9423', NULL, 'UN'),
	(1190, 'T 31600120', 'R.E.4x2 Mb/s 1+1, HSB 23 GHZ', NULL, 'UN'),
	(1191, 'T 31600121', 'R.E.4x2 Mb/s 1+1 HSB 23 GHZ', NULL, 'UN'),
	(1192, 'T 31600122', 'R.E.16x2 Mb/s 1+0, 7/8 GHZ 947', NULL, 'UN'),
	(1193, 'T 31600123', 'R.E.16x2 Mb/s 1+0, 7/8 GHZ 947', NULL, 'UN'),
	(1194, 'T 31600124', 'R.E.16x2 Mb/s 1+1, HSB 7/8 GHZ', NULL, 'UN'),
	(1195, 'T 31600125', 'R.E.16x2 Mb/s 1+1 HSB 7/8 GHZ', NULL, 'UN'),
	(1196, 'T 31600126', 'R.E.16x2 Mb/s 1+0, 15 GHZ 9415', NULL, 'UN'),
	(1197, 'T 31600127', 'R.E.16x2 Mb/s 1+0, 15 GHZ 9415', NULL, 'UN'),
	(1198, 'T 31600128', 'R.E.16x2 Mb/s 1+1, HSB 15 GHZ', NULL, 'UN'),
	(1199, 'T 31600129', 'R.E.16x2 Mb/s 1+1 HSB 15 GHZ', NULL, 'UN'),
	(1200, 'T 31600130', 'R.E.16x2 Mb/s 1+0, 23 GHZ 9423', NULL, 'UN'),
	(1201, 'T 31600131', 'R.E.16x2 Mb/s 1+0, 23 GHZ 9423', NULL, 'UN'),
	(1202, 'T 31600132', 'R.E.16x2 Mb/s 1+1, HSB 23 GHZ', NULL, 'UN'),
	(1203, 'T 31600133', 'R.E.16x2 Mb/s 1+1 HSB 23 GHZ', NULL, 'UN'),
	(1204, 'T 31600134', 'R.E.16X2 MB/S 1+1 DF 7/8 GHZ', NULL, 'UN'),
	(1205, 'T 31600135', 'R.E.16X2 MB/S 1+1,DF 15 GHZ', NULL, 'UN'),
	(1206, 'T 31600136', 'R.E.16X2 MB/S 1+1,DF 23 GHZ', NULL, 'UN'),
	(1207, 'T 31600137', 'R.E.16X2 MB/S 1+1,DFyE HIB', NULL, 'UN'),
	(1208, 'T 31600138', 'R.E.4X2 MB/S 1+0,', NULL, 'UN'),
	(1209, 'T 31600139', 'R.E.4X2 MB/S 1+0, 7/8GHZ 9470', NULL, 'UN'),
	(1210, 'T 31600140', 'R.E.4X2 MB/S 1+1,HSB 7/8GHZ', NULL, 'UN'),
	(1211, 'T 31600141', 'R.E.4X2 MB/S 1+1 HSB 7/8 GHZ', NULL, 'UN'),
	(1212, 'T 31600142', 'R.E.4X2 MB/S 1+1 HSB/DE 7/8GHZ', NULL, 'UN'),
	(1213, 'T 31600143', 'R.E.4X2 MB/S 1+1 HSB/DE 7/8GHZ', NULL, 'UN'),
	(1214, 'T 31600144', 'R.E.4X2 MB/S 1+1 DF 7/8GHZ', NULL, 'UN'),
	(1215, 'T 31600145', 'R.E.4X2 MB/S 1+1 DF 7/8GHZ', NULL, 'UN'),
	(1216, 'T 31600146', 'R.E.4X2 MB/S 1+1 DF 7/8GHZ', NULL, 'UN'),
	(1217, 'T 31600147', 'R.E.4X2 MB/S 1+1 DF 7/8GHZ', NULL, 'UN'),
	(1218, 'T 31600148', 'R.E.4X2 MB/S 1+1 DF 15GHZ', NULL, 'UN'),
	(1219, 'T 31600149', 'R.E.4X2 MB/S 1+1 DF 15GHZ', NULL, 'UN'),
	(1220, 'T 31600150', 'R.E.4X2 MB/S 1+1 DF 23GHZ', NULL, 'UN'),
	(1221, 'T 31600151', 'R.E.4X2 MB/S 1+1 DF 23GHZ', NULL, 'UN'),
	(1222, 'T 31600152', 'R.E.4X2 MB/S 1+1 DFYE HIB7/8', NULL, 'UN'),
	(1223, 'T 31600153', 'R.E.4X2 MB/S 1+1 DFYE HIB7/8', NULL, 'UN'),
	(1224, 'T 31600154', 'R.E.4X2 MB/S 1+1 DFYE HIB 7/8', NULL, 'UN'),
	(1225, 'T 31600155', 'R.E.4X2 MB/S 1+1 DFYE HIB 7/8', NULL, 'UN'),
	(1226, 'T 31600156', 'R.E.16X2 MB/S 1+0, 7/8GHZ', NULL, 'UN'),
	(1227, 'T 31600157', 'R.E.16X2 MB/S 1+1,HSB 7/8GHZ', NULL, 'UN'),
	(1228, 'T 31600158', 'R.E.16X2 MB/S 1+1,HSB/DE 7/8', NULL, 'UN'),
	(1229, 'T 31600159', 'R.E.16X2 MB/S 1+1,DF 7/8 GHZ', NULL, 'UN'),
	(1230, 'T 31600160', 'R.E.16X2 MB/S 1+1,DFYE HIB 7/8', NULL, 'UN'),
	(1231, 'T 31600161', 'RADIOENLACE ALCATEL 9415UX', NULL, 'UN'),
	(1232, 'T 31600162', 'RADIOENLACE ALCATEL 9423UX', NULL, 'UN'),
	(1233, 'T 31600163', 'RE SPREAD GLENAYRE 31850, 4x2', NULL, 'UN'),
	(1234, 'T 31600164', 'RE SPREAD GLENAYRE 31950, Nx64', NULL, 'UN'),
	(1235, 'T 31600165', 'RE SPREAD GLENAYRE 31950, Nx64', NULL, 'UN'),
	(1236, 'T 31600166', 'RE SPREAD GLENAYRE 31950, Nx64', NULL, 'UN'),
	(1237, 'T 31600167', 'RE SPREAD GLENAYRE 31400, 2 Mb', NULL, 'UN'),
	(1238, 'T 31600168', 'RE SPREAD GLENAYRE 31400, 2 Mb', NULL, 'UN'),
	(1239, 'T 31600169', 'RE SPREAD GLENAYRE 31400, 2 Mb', NULL, 'UN'),
	(1240, 'T 31600170', 'RE SPREAD GLENAYRE 31700, 2x2', NULL, 'UN'),
	(1241, 'T 31600171', 'RE SPREAD GLENAYRE 31700, 2x2', NULL, 'UN'),
	(1242, 'T 31600172', 'RE STRATEX N. ECLIPSE 4X2MB/S', NULL, 'UN'),
	(1243, 'T 31600173', 'RE STRATEX N. ECLIPSE 4X2MB/S', NULL, 'UN'),
	(1244, 'T 31600174', 'RE STRATEX N. ECLIPSE 4X2MB/S', NULL, 'UN'),
	(1245, 'T 31600175', 'RE STRATEX N. ECLIPSE 4X2MB/S', NULL, 'UN'),
	(1246, 'T 31600176', 'RE STRATEX N. ECLIPSE 4X2MB/S', NULL, 'UN'),
	(1247, 'T 31600177', 'RE STRATEX N. ECLIPSE 4X2MB/S', NULL, 'UN'),
	(1248, 'T 31600178', 'RE STRATEX N. ECLIPSE 4X2MB/S', NULL, 'UN'),
	(1249, 'T 31600179', 'RE STRATEX N. ECLIPSE 4X2MB/S', NULL, 'UN'),
	(1250, 'T 31600180', 'RE STRATEX N. ECLIPSE 4X2MB/S', NULL, 'UN'),
	(1251, 'T 31600181', 'RE STRATEX N. ECLIPSE 4X2MB/S', NULL, 'UN'),
	(1252, 'T 31600182', 'RE STRATEX N. ECLIPSE 4X2MB/S', NULL, 'UN'),
	(1253, 'T 31600183', 'RE STRATEX N. ECLIPSE 4X2MB/S', NULL, 'UN'),
	(1254, 'T 31600184', 'RE STRATEX N. ECLIPSE 4X2MB/S', NULL, 'UN'),
	(1255, 'T 31600185', 'RE STRATEX N. ECLIPSE 4X2MB/S', NULL, 'UN'),
	(1256, 'T 31600186', 'RE STRATEX N. ECLIPSE 4X2MB/S', NULL, 'UN'),
	(1257, 'T 31600187', 'RE STRATEX N. ECLIPSE 4X2MB/S', NULL, 'UN'),
	(1258, 'T 31600188', 'RE STRATEX N. ECLIPSE 4X2MB/S', NULL, 'UN'),
	(1259, 'T 31600189', 'RE STRATEX N. ECLIPSE 4X2MB/S', NULL, 'UN'),
	(1260, 'T 31600190', 'RE STRATEX N. ECLIPSE 4X2MB/S', NULL, 'UN'),
	(1261, 'T 31600191', 'RE STRATEX N. ECLIPSE 4X2MB/S', NULL, 'UN'),
	(1262, 'T 31600192', 'RE STRATEX N. ECLIPSE 4X2MB/S', NULL, 'UN'),
	(1263, 'T 31600193', 'RE STRATEX N. ECLIPSE 4X2MB/S', NULL, 'UN'),
	(1264, 'T 31600194', 'RE STRATEX N. ECLIPSE 4X2MB/S', NULL, 'UN'),
	(1265, 'T 31600195', 'RE STRATEX N. ECLIPSE 4X2MB/S', NULL, 'UN'),
	(1266, 'T 31600196', 'RE STRATEX N. ECLIPSE 4X2MB/S', NULL, 'UN'),
	(1267, 'T 31600197', 'RE STRATEX N. ECLIPSE 4X2MB/S', NULL, 'UN'),
	(1268, 'T 31600198', 'RE STRATEX N. ECLIPSE 4X2MB/S', NULL, 'UN'),
	(1269, 'T 31600199', 'RE STRATEX N. ECLIPSE 4X2MB/S', NULL, 'UN'),
	(1270, 'T 31600200', 'RE STRATEX N. ECLIPSE 4X2MB/S', NULL, 'UN'),
	(1271, 'T 31600201', 'RE STRATEX N. ECLIPSE 4X2MB/S', NULL, 'UN'),
	(1272, 'T 31600202', 'RE STRATEX N. ECLIPSE 4X2MB/S', NULL, 'UN'),
	(1273, 'T 31600203', 'RE STRATEX N. ECLIPSE 4X2MB/S', NULL, 'UN'),
	(1274, 'T 31600204', 'RE STRATEX N. ECLIPSE 4X2MB/S', NULL, 'UN'),
	(1275, 'T 31600205', 'RE STRATEX N. ECLIPSE 4X2MB/S', NULL, 'UN'),
	(1276, 'T 31600206', 'RE STRATEX N. ECLIPSE 4X2MB/S', NULL, 'UN'),
	(1277, 'T 31600207', 'RE STRATEX N. ECLIPSE 4X2MB/S', NULL, 'UN'),
	(1278, 'T 31600208', 'RE STRATEX N. ECLIPSE 4X2MB/S', NULL, 'UN'),
	(1279, 'T 31600209', 'RE STRATEX N. ECLIPSE 4X2MB/S', NULL, 'UN'),
	(1280, 'T 31600210', 'RE STRATEX N. ECLIPSE 4X2MB/S', NULL, 'UN'),
	(1281, 'T 31600211', 'RE STRATEX N. ECLIPSE 4X2MB/S', NULL, 'UN'),
	(1282, 'T 31600212', 'RE STRATEX N. ECLIPSE 4X2MB/S', NULL, 'UN'),
	(1283, 'T 31600213', 'RE STRATEX N. ECLIPSE 4X2MB/S', NULL, 'UN'),
	(1284, 'T 31600214', 'RE STRATEX N. ECLIPSE 4X2MB/S', NULL, 'UN'),
	(1285, 'T 31600215', 'RE STRATEX N. ECLIPSE 4X2MB/S', NULL, 'UN'),
	(1286, 'T 31600216', 'RE STRATEX N. ECLIPSE 4X2MB/S', NULL, 'UN'),
	(1287, 'T 31600217', 'RE STRATEX N. ECLIPSE 4X2MB/S', NULL, 'UN'),
	(1288, 'T 31600218', 'RE STRATEX N. ECLIPSE 4X2MB/S', NULL, 'UN'),
	(1289, 'T 31600219', 'RE STRATEX N ECLIPSE 4X2MB/S 1', NULL, 'UN'),
	(1290, 'T 31600220', 'RE STRATEX N ECLIPSE 4X2MB/S 1', NULL, 'UN'),
	(1291, 'T 31600221', 'RE STRATEX N ECLIPSE 4X2MB/S 1', NULL, 'UN'),
	(1292, 'T 31600222', 'RE STRATEX N ECLIPSE 4X2MB/S 1', NULL, 'UN'),
	(1293, 'T 31600223', 'RE STRATEX N ECLIPSE 4X2MB/S H', NULL, 'UN'),
	(1294, 'T 31600224', 'RE STRATEX N ECLIPSE 4X2MB/S H', NULL, 'UN'),
	(1295, 'T 31600225', 'RE STRATEX N ECLIPSE 4X2MB/S H', NULL, 'UN'),
	(1296, 'T 31600226', 'RE STRATEX N ECLIPSE 4X2MB/S H', NULL, 'UN'),
	(1297, 'T 31600227', 'RE STRATEX N. ECLIPSE 16X2MB/S', NULL, 'UN'),
	(1298, 'T 31600228', 'RE STRATEX N. ECLIPSE 16X2MB/S', NULL, 'UN'),
	(1299, 'T 31600229', 'RE STRATEX N. ECLIPSE 16X2MB/S', NULL, 'UN'),
	(1300, 'T 31600230', 'RE STRATEX N. ECLIPSE 16X2MB/S', NULL, 'UN'),
	(1301, 'T 31600231', 'RE STRATEX N. ECLIPSE 16X2MB/S', NULL, 'UN'),
	(1302, 'T 31600232', 'RE STRATEX N. ECLIPSE 16X2MB/S', NULL, 'UN'),
	(1303, 'T 31600233', 'RE STRATEX N. ECLIPSE 16X2MB/S', NULL, 'UN'),
	(1304, 'T 31600234', 'RE STRATEX N. ECLIPSE 16X2MB/S', NULL, 'UN'),
	(1305, 'T 31600235', 'RE STRATEX N. ECLIPSE 16X2MB/S', NULL, 'UN'),
	(1306, 'T 31600236', 'RE STRATEX ECLIPSE 16X2MB/S 1+', NULL, 'UN'),
	(1307, 'T 31600237', 'RE STRATEX ECLIPSE 16X2MB/S 1+', NULL, 'UN'),
	(1308, 'T 31600238', 'RE STRATEX ECLIPSE 16X2MB/S HS', NULL, 'UN'),
	(1309, 'T 31600239', 'RE STRATEX ECLIPSE 16X2MB/S HS', NULL, 'UN'),
	(1310, 'T 31600240', 'RE STRATEX ECLIPSE 16X2MB/S DF', NULL, 'UN'),
	(1311, 'T 31600241', 'RE STRATEX ECLIPSE 16X2MB/S DF', NULL, 'UN'),
	(1312, 'T 31600242', 'RE STRATEX N ECLIPSE 16X2MB/S', NULL, 'UN'),
	(1313, 'T 31600243', 'RE STRATEX N ECLIPSE 16X2MB/S', NULL, 'UN'),
	(1314, 'T 31600244', 'RE STRATEX N ECLIPSE 16X2MB/S', NULL, 'UN'),
	(1315, 'T 31600245', 'RE STRATEX N ECLIPSE 16X2MB/S', NULL, 'UN'),
	(1316, 'T 31600246', 'RE STRATEX ECLIPSE 16X2MB/S 1+', NULL, 'UN'),
	(1317, 'T 31600247', 'RE STRATEX ECLIPSE 16X2MB/S 1+', NULL, 'UN'),
	(1318, 'T 31600248', 'RE STRATEX ECLIPSE 16X2MB/S 1+', NULL, 'UN'),
	(1319, 'T 31600249', 'RE STRATEX ECLIPSE 16X2MB/S 1+', NULL, 'UN'),
	(1320, 'T 31600250', 'RE STRATEX ECLIPSE 16X2MB/S HS', NULL, 'UN'),
	(1321, 'T 31600251', 'RE STRATEX ECLIPSE 16X2MB/S HS', NULL, 'UN'),
	(1322, 'T 31600252', 'RE STRATEX ECLIPSE 16X2MB/S HS', NULL, 'UN'),
	(1323, 'T 31600253', 'RE STRATEX ECLIPSE 16X2MB/S HS', NULL, 'UN'),
	(1324, 'T 32100000', 'TERMINAL WLL 1 CLIENTE MOD.TADIRAN FAU-1', NULL, 'UN'),
	(1325, 'T 32100001', 'TERMINAL WLL 2 CLIENT. MOD TADIRAN FAU-2', NULL, 'UN'),
	(1326, 'T 32100003', 'PCU 48 VCC P/TERMINAL WLL MARCA TADIRAN', NULL, 'UN'),
	(1327, 'T 32100004', 'TRANSF. 220VCA-25VCA P/PCU WLL TADIRAN', NULL, 'UN'),
	(1328, 'T 32100005', 'TERMINAL WLL 4 CLIENTES +PCU+', NULL, 'UN'),
	(1329, 'T 32100006', 'TERMINAL WLL 1 CLIEN.S/PCU TADIRAN FAU-1', NULL, 'UN'),
	(1330, 'T 32100007', 'TERMINAL WLL 2 CLIENTES S/PCU', NULL, 'UN'),
	(1331, 'T 32100008', 'TERMINAL WLL P/TPA S/PCU', NULL, 'UN'),
	(1332, 'T 32100009', 'PCU 48 VCC+TRANSF.+BATERIA WLL TADIRAN', NULL, 'UN'),
	(1333, 'T 32100010', 'TRANSF. 220VCA-16VCA P/WLL TADIRAN', NULL, 'UN'),
	(1334, 'T 32100011', 'PCU 57 VCC P/TERMINAL WLL TADIRAN', NULL, 'UN'),
	(1335, 'T 32100012', 'PCU PARA TPA TERMINAL WLL', NULL, 'UN'),
	(1336, 'T 32100016', 'INTERFAZ ANALOGICA INCLUYE PS', NULL, 'UN'),
	(1337, 'T 32100019', 'MULTIPLEXOR MCX P/4 RPU (AMBOS', NULL, 'UN'),
	(1338, 'T 32100020', 'SISTEMA POSICIONADOR GPS', NULL, 'UN'),
	(1339, 'T 32100023', 'PROCESADOR PRINCIPAL DE RPCU', NULL, 'UN'),
	(1340, 'T 32100024', 'INTERFAZ P/GESTION MODELO NMI.', NULL, 'UN'),
	(1341, 'T 32100025', 'INTERFAZ RED DIGITAL P/AIU-120', NULL, 'UN'),
	(1342, 'T 32100026', 'INTERFAZ DE RPU MOD.RPI BD', NULL, 'UN'),
	(1343, 'T 32100027', 'GLOBAL TIMING UNIT MODELO GTU', NULL, 'UN'),
	(1344, 'T 32100028', 'UNIDAD DE PUERTO DE RADIO COM-', NULL, 'UN'),
	(1345, 'T 32100029', 'TERMIANL WLL S/BATERIA  KRONE TELELINK 2', NULL, 'UN'),
	(1346, 'T 32100030', 'FUENTE ALIM. P/TERM. WLL KRONE TELELINK2', NULL, 'UN'),
	(1347, 'T 32100031', 'TERM. WLL S/BAT./FUENTE KRONE TELELINK 3', NULL, 'UN'),
	(1348, 'T 32100032', 'FUNTE ALIM. P/TERM. WLL KRONE TELELINK 3', NULL, 'UN'),
	(1349, 'T 32100033', 'TERMINAL WLL 1 CLIENTE MODELO NEC 2W-FT', NULL, 'UN'),
	(1350, 'T 32100034', 'CAJA D/CONT.P/FUENTE ALIM.Y BAT. P/2W-FT', NULL, 'UN'),
	(1351, 'T 32100035', 'BATERIA 6 VOLT P/WLL', NULL, 'UN'),
	(1352, 'T 32100037', 'TERMINAL WLL D/ABON. LICEA 2000, VOZ+DAT', NULL, 'UN'),
	(1353, 'T 32100038', 'TERMINAL GSMF 900MHZ ERICSSON G32E', NULL, 'UN'),
	(1354, 'T 32100039', 'TRANSFORMADOR AC/DC P/TER. ERICSSON GSM', NULL, 'UN'),
	(1355, 'T 32100041', 'TERMINAL GSMF 850MHZ ERICSSON G32A', NULL, 'UN'),
	(1356, 'T 32100042', 'TARJETA SIM MARCA GYD MOD. CALLISTO 64K', NULL, 'UN'),
	(1357, 'T 32100052', 'TERMINAL GSMF 850/1900MHZ ERICSSON G36A', NULL, 'UN'),
	(1358, 'T 32100053', 'TERMINAL GSMF 900MHZ ERICSSON G36E', NULL, 'UN'),
	(1359, 'T 32100055', 'TERMINAL GSMF 850/1900MHZ HUAWEI ETS3228', NULL, 'UN'),
	(1360, 'T 32100081', 'TERMINAL GSMF INTEGRADO HUAWEI MOD.3223', NULL, 'UN'),
	(1361, 'T 32100091', 'TERMINAL GSMF INTEGRADO ZTE MODELO 623H', NULL, 'UN'),
	(1362, 'T 32100171', 'TARJETA SIM MARCA GEMALTO HZV2', NULL, 'UN'),
	(1363, 'T 32100172', 'TERMINAL GSMF INTEG.  HUAWEI ETS3125I H', NULL, 'UN'),
	(1364, 'T 32100174', 'TERMINAL GSMF 850 INTEGRADO ZTE WP658 V2', NULL, 'UN'),
	(1365, 'T 32100181', 'TARJETA SIM MARCA GEMALTO HZV3', NULL, 'UN'),
	(1366, 'T 32100191', 'TERMINAL GSMF INTEGRADA MOTOROLA FXP860', NULL, 'UN'),
	(1367, 'T 32300249', 'EQUIPO REMOTIZADORES D/ALARMAS', NULL, 'UN'),
	(1368, 'T 32300251', 'LOTE DE MATERIALES INST.P/TER-', NULL, 'UN'),
	(1369, 'T 32400090', 'VENDA DE GOMA', NULL, 'RO'),
	(1370, 'T 32400091', 'ADHESIVO EN BARRA P/CABLE DE FACHADA', NULL, 'BR'),
	(1371, 'T 32400093', 'BROCHE ACE. CIN. D/14X11,2 P/ABROC. 1012', NULL, 'UN'),
	(1372, 'T 32400094', 'BROCHE RAPID 28/11PARA ABROCHADORA', NULL, 'UN'),
	(1373, 'T 32400095', 'TARUGO P/MAMPOSTERIA 8X27 MM', NULL, 'UN'),
	(1374, 'T 32400096', 'TARUGO P/MAMPOSTERIA 8X40 MM', NULL, 'UN'),
	(1375, 'T 32400097', 'TARUGO P/MAMPOSTERIA 10X40 MM', NULL, 'UN'),
	(1376, 'T 32400098', 'TARUGO P/MAMP. D:5MM L:25MM T.FISCHER S5', NULL, 'UN'),
	(1377, 'T 32400099', 'BROCA D/EXPANSION 1/2"W LARGO 50MM', NULL, 'UN'),
	(1378, 'T 32400100', 'BROCA DE EXPANSION D:5/16 "W"', NULL, 'UN'),
	(1379, 'T 32400101', 'CAPUCHON S/VALVULA P/CABLE D=12 A 16 MM', NULL, 'UN'),
	(1380, 'T 32400102', 'CAPUCHON S/VALVULA P/CABLE D=16 A 22 MM', NULL, 'UN'),
	(1381, 'T 32400103', 'CAPUCHON S/VALVULA P/CABLE D=22 A 26 MM', NULL, 'UN'),
	(1382, 'T 32400104', 'CAPUCHON S/VALVULA P/CABLE D=26 A 36 MM', NULL, 'UN'),
	(1383, 'T 32400105', 'CAPUCHON S/VALVULA P/CABLE D=36 A 44 MM', NULL, 'UN'),
	(1384, 'T 32400106', 'CAPUCHON S/VALVULA P/CABLE D=44 A 70 MM', NULL, 'UN'),
	(1385, 'T 32400107', 'CAPUCHON C/VALVULA P/CABLE D=12 A 16 MM', NULL, 'UN'),
	(1386, 'T 32400108', 'CAPUCHON C/VALVULA P/CABLE D=16 A 22 MM', NULL, 'UN'),
	(1387, 'T 32400109', 'CAPUCHON C/VALVULA P/CABLE D=22 A 26 MM', NULL, 'UN'),
	(1388, 'T 32400110', 'CAPUCHON C/VALVULA P/CABLE D=26 A 36 MM', NULL, 'UN'),
	(1389, 'T 32400111', 'CAPUCHON C/VALVULA P/CABLE D=36 A 44 MM', NULL, 'UN'),
	(1390, 'T 32400112', 'CAPUCHON C/VALVULA P/CABLE D=44 A 70 MM', NULL, 'UN'),
	(1391, 'T 32400113', 'CINTA AISLADORA D/GOMA NO VULCANIZADA', NULL, 'RO'),
	(1392, 'T 32400115', 'CINTA AISLADORA PLASTICA COLOR GRIS', NULL, 'RO'),
	(1393, 'T 32400116', 'CINTA AISLADORA PVC COLOR NEGRA 19MM', NULL, 'RO'),
	(1394, 'T 32400118', 'CINTA D/PAPEL CREPE P/PROT. FLAMEO EMP.', NULL, 'KG'),
	(1395, 'T 32400119', 'CINTA AISLADORA PLASTICA COLOR MARFIL', NULL, 'RO'),
	(1396, 'T 32400120', 'CINTA D/PREVENCION PLASTICA P/INST.SUBT.', NULL, 'RO'),
	(1397, 'T 32400121', 'CINTA PLASTICA TRANSPARENTEP/EMP. PRES.', NULL, 'RO'),
	(1398, 'T 32400126', 'CLAVO PUNTA PARIS CINCADO DE 2"', NULL, 'KG'),
	(1399, 'T 32400129', 'ETIQUETA  AUTOADHESIVA INSC.FIBRA OPTICA', NULL, 'KI'),
	(1400, 'T 32400130', 'NUMEROS AUTOADH.(0al9)  P/IDENTIF.CAJ.FO', NULL, 'KI'),
	(1401, 'T 32400131', 'ETIQUETA AUTOLAMINANTE P/IDENTTIFICACION', NULL, 'KI'),
	(1402, 'T 32400132', 'ESTOPA VEGETAL', NULL, 'KG'),
	(1403, 'T 32400135', 'GRAMPA 2 OREJAS D/16 MM P/FIJAR CABLE', NULL, 'UN'),
	(1404, 'T 32400136', 'GRAMPA 2 OREJAS D/23 MM P/FIJAR CABLE', NULL, 'UN'),
	(1405, 'T 32400137', 'GRAMPA 2 OREJAS D/25 MM P/FIJAR CABLE', NULL, 'UN'),
	(1406, 'T 32400138', 'GRAMPA 2 OREJAS D/28 MM P/FIJAR CABLE', NULL, 'UN'),
	(1407, 'T 32400139', 'GRAMPA 2 OREJAS D/35 MM P/FIJAR CABLE', NULL, 'UN'),
	(1408, 'T 32400142', 'GRAMPA PLASTICA C/CLAVO P/CABLE DISTRIB.', NULL, 'UN'),
	(1409, 'T 32400153', 'GRAPAS PARA CERCO L:19MMP/TOMA TIERR', NULL, 'UN'),
	(1410, 'T 32400156', 'GUARDA RIENDA P/PROTECCION', NULL, 'UN'),
	(1411, 'T 32400158', 'LIGADURA A COMPRES. RET.FINA P/LINEA AER', NULL, 'UN'),
	(1412, 'T 32400159', 'PRECINTO PLASTICO L=100MM', NULL, 'UN'),
	(1413, 'T 32400160', 'PRECINTO PLASTICO L=150MM', NULL, 'UN'),
	(1414, 'T 32400161', 'PRECINTO PLAST. L=300 MM P/SUJ. D/CABLES', NULL, 'UN'),
	(1415, 'T 32400162', 'PRECINTO PLASTICO L=120MM C/PROTEC. UV', NULL, 'UN'),
	(1416, 'T 32400163', 'PRECINTO PLASTICO L=180MM C/PROTEC. UV', NULL, 'UN'),
	(1417, 'T 32400166', 'MASILLA', NULL, 'KG'),
	(1418, 'T 32400167', 'TARJETA IDENTIFICACION CAB. FIBRA OPTICA', NULL, 'KI'),
	(1419, 'T 32400168', 'TIRAFONDO DE D=6,5 MM L=40 MM', NULL, 'UN'),
	(1420, 'T 32400169', 'TIRAFONDO DE D=8 MM L=63 MM', NULL, 'UN'),
	(1421, 'T 32400170', 'TIRAFONDO DE D=8 MM L=80 MM', NULL, 'UN'),
	(1422, 'T 32400171', 'TIRAFONDO DE D=9,5 MM L=50 MM', NULL, 'UN'),
	(1423, 'T 32400174', 'TIRAFONDO D/D=12,7 MM L=110 MM', NULL, 'UN'),
	(1424, 'T 32400177', 'OVULO D/RETENCION P/VALVULA D/PRESURIZ.', NULL, 'UN'),
	(1425, 'T 32400178', 'VALVULA DE PRUEBA DE PRESION COMPLETA', NULL, 'UN'),
	(1426, 'T 32400179', 'CONJUNTO TOMA D/PRES P/CAB D.E. 15A 45MM', NULL, 'KI'),
	(1427, 'T 32400180', 'CONJUNTO TOMA D/PRES P/CAB D.E. 20A 65MM', NULL, 'KI'),
	(1428, 'T 32400181', 'CONJUNTO TOMA D/PRES P/CAB D.E. 30A 90MM', NULL, 'KI'),
	(1429, 'T 32400184', 'TRANSDUCTOR DE PRESION', NULL, 'UN'),
	(1430, 'T 32400185', 'PRECINTO PLASTICO AMARILLO L=300MM', NULL, 'UN'),
	(1431, 'T 32400186', 'CONEXION P/INYEC. Y MEDIC. D/PRES.D/AIRE', NULL, 'UN'),
	(1432, 'T 32400187', 'CONTENEDOR EXT.P/TRANSDUCTOR D/PRESION', NULL, 'UN'),
	(1433, 'T 32400193', 'CARRETE DE MADERA 1200X900X600', NULL, 'UN'),
	(1434, 'T 32400194', 'CARRETE DE MADERA 1500x900x800', NULL, 'UN'),
	(1435, 'T 32400195', 'CARRETE DE MADERA 1900X900X1000', NULL, 'UN'),
	(1436, 'T 32400196', 'CARRETE DE  MADERA 2200X1100X1200', NULL, 'UN'),
	(1437, 'T 32400197', 'CARRETE DE MADERA 1000X900X500', NULL, 'UN'),
	(1438, 'T 32400198', 'TORNILLO CABEZA REDONDA  P/MADERA  23/25', NULL, 'UN'),
	(1439, 'T 32400199', 'TORNILLO CABEZA REDONDA  P/MADERA  22/25', NULL, 'UN'),
	(1440, 'T 32400200', 'TORNILLO CABEZA REDONDA  P/MADERA  22/60', NULL, 'UN'),
	(1441, 'T 32400201', 'TORNILLO CABEZA REDONDA  P/MADERA  23/40', NULL, 'UN'),
	(1442, 'T 32400202', 'TORNILLO CABEZA FRESADA P/MADERA 19/30', NULL, 'UN'),
	(1443, 'T 32400203', 'TORNILLO CABEZA FRESADA P/MADERA 25/60', NULL, 'UN'),
	(1444, 'T 32400206', 'KIT DE PRESURIZACION', NULL, 'UN'),
	(1445, 'T 32400210', 'CA#O  1" DIAM. INTER. P/ SOP. D/ANTENA', NULL, 'M'),
	(1446, 'T 32400211', 'CABLE CANAL (10 X 10)', NULL, 'UN'),
	(1447, 'T 32400214', 'POSTE LIVIANO DE L=2M Y DIAME-TRO 1,5"', NULL, 'UN'),
	(1448, 'T 32400217', 'GABINETE P/TERMINAL DE TELECOM', NULL, 'UN'),
	(1449, 'T 32400218', 'GABINETE P/PASIVO DE CATV', NULL, 'UN'),
	(1450, 'T 32400232', 'KIT INST. INT. Y EXT.P/WLL MARCA TADIRAN', NULL, 'UN'),
	(1451, 'T 32400233', 'KIT GRAMPAS CA?O 1 1/4" P/WLL TADIRAN', NULL, 'UN'),
	(1452, 'T 32400235', 'CABLE CANAL (10X10X3)', NULL, 'M'),
	(1453, 'T 32400237', 'MEDIA CA?A PLASTICA INST.TERM.WLL KRONE', NULL, 'M'),
	(1454, 'T 32400246', 'ESTRELLA P/SOSTEN DEL CA?O', NULL, 'UN'),
	(1455, 'T 32400247', 'BULON L=50 MM ROSCA W 16 PARA', NULL, 'UN'),
	(1456, 'T 32400248', 'SOPORTE TIPO MENSULA 30CM  P/CA?O ANTENA', NULL, 'UN'),
	(1457, 'T 32400249', 'GRAPA "U" 100x55 MM P/FIJACION CA?O ANT.', NULL, 'UN'),
	(1458, 'T 32400252', 'TENSOR P/RIENDAS DEL MASTIL', NULL, 'UN'),
	(1459, 'T 32400253', 'PRENSACABLE "U" 22 X 11 MM P/', NULL, 'UN'),
	(1460, 'T 32400255', 'GRILLETE "U" 115X20 MM PARA', NULL, 'UN'),
	(1461, 'T 32400256', 'ANCLAJE DE CEMENTO P/RIENDAS', NULL, 'UN'),
	(1462, 'T 32400257', 'SUNCHO L=1400 MM P/ANCLAJE DE', NULL, 'UN'),
	(1463, 'T 32400258', 'BASE DE CEMENTO P/MASTIL DE', NULL, 'UN'),
	(1464, 'T 32400260', 'PRECINTO LATON CINC.C/PROT.PLAST.100X9MM', NULL, 'UN'),
	(1465, 'T 32400261', 'PRECINTO LATON CINC.C/PROT.PLAST.300X9MM', NULL, 'UN'),
	(1466, 'T 32400263', 'PASAMURO 1 BOCA C/ BOTA GO ANDREW EWP52', NULL, 'UN'),
	(1467, 'T 32400266', 'PASAMURO 1 BOCA C/ BOTA GO RFS E78', NULL, 'UN'),
	(1468, 'T 32400267', 'PASAMURO 1 BOCA C/ BOTA GO ANDREW EWP63', NULL, 'UN'),
	(1469, 'T 32400268', 'PASAMURO 1 BOCA C/BOTA P/CAB.1/4"-RG213', NULL, 'UN'),
	(1470, 'T 32400269', 'PASAMURO 1 BOCA C/BOTA P/CABLE DE 1/2"', NULL, 'UN'),
	(1471, 'T 32400272', 'PASAMURO 1 BOCA C/BOTA P/CABLE DE 1 1/4"', NULL, 'UN'),
	(1472, 'T 32400274', 'PASAMURO 1 BOCA C/BOTA P/CABLE RG213', NULL, 'UN'),
	(1473, 'T 32400275', 'PASAMURO 1 BOCA C/ BOTA GO ANDREW EWP64', NULL, 'UN'),
	(1474, 'T 32400276', 'PASAMURO 1 BOCA C/ BOTA GO ANDREW EWP77', NULL, 'UN'),
	(1475, 'T 32400277', 'PLACA PASAMURO 2 BOCAS DE 4"', NULL, 'UN'),
	(1476, 'T 32400278', 'PLACA PASAMURO 3 BOCAS DE 4"', NULL, 'UN'),
	(1477, 'T 32400279', 'PLACA PASAMURO 4 BOCAS DE 4" EN 1 FILA', NULL, 'UN'),
	(1478, 'T 32400280', 'PLACA PASAMURO 4 BOCAS DE 4" EN 2 FILAS', NULL, 'UN'),
	(1479, 'T 32400283', 'PASAMURO 1 BOCA C/ BOTA GO ANDREW EWP52', NULL, 'UN'),
	(1480, 'T 32400285', 'BOTA DE GOMA P/CABLE 1/4"', NULL, 'UN'),
	(1481, 'T 32400286', 'BOTA DE GOMA P/CABLE RG213', NULL, 'UN'),
	(1482, 'T 32400287', 'BOTA DE GOMA P/CABLE 3/8"', NULL, 'UN'),
	(1483, 'T 32400288', 'BOTA DE GOMA P/CABLE 1/2"', NULL, 'UN'),
	(1484, 'T 32400289', 'BOTA DE GOMA P/CABLE 7/8"', NULL, 'UN'),
	(1485, 'T 32400290', 'BOTA DE GOMA P/CABLE 1 1/4"', NULL, 'UN'),
	(1486, 'T 32400291', 'BOTA DE GOMA P/CABLE 1 5/8"', NULL, 'UN'),
	(1487, 'T 32400292', 'BOTA DE GOMA P/GO ANDREW EWP64', NULL, 'UN'),
	(1488, 'T 32400293', 'BOTA DE GOMA P/GO RFS E70', NULL, 'UN'),
	(1489, 'T 32400294', 'BOTA DE GOMA P/GO ANDREW EWP52', NULL, 'UN'),
	(1490, 'T 32400296', 'BOTA DE GOMA P/GO ANDREW EWP63', NULL, 'UN'),
	(1491, 'T 32400297', 'BOTA DE GOMA P/GO RFS E65', NULL, 'UN'),
	(1492, 'T 32400298', 'BOTA DE GOMA P/GUIA DE ONDA ANDREW EWP77', NULL, 'UN'),
	(1493, 'T 32400300', 'VENTANA PRES. P/GO CON FLANGE CPR137G', NULL, 'UN'),
	(1494, 'T 32400305', 'KIT PRES. C/MANGUERA 3/8" 6M CONECT.3/8"', NULL, 'UN'),
	(1495, 'T 32400306', 'KIT PRES. MANGUERA 3/8" 12M CONECT.3/8"', NULL, 'UN'),
	(1496, 'T 32400406', 'ADHESIVO LIQUIDO P/ELEMETOS DE PVC', NULL, 'KG'),
	(1497, 'T 32400408', 'SILICA GEL P/PRESURIZADORES DE GO', NULL, 'KG'),
	(1498, 'T 32400466', 'PRECINTO PLAST. AMARILLO 90CM P/SE?ALIZ.', NULL, 'UN'),
	(1499, 'T 32400467', 'PRECINTO PLAST. AZUL 90CM P/SE?ALIZACION', NULL, 'UN'),
	(1500, 'T 32400761', 'PRECINTO PLASTICO L=600 MM C/PROTEC. UV', NULL, 'UN'),
	(1501, 'T 32710139', 'eSFP-1310nm-1000Base-Lx SM 1310nm 10km', NULL, 'UN'),
	(1502, 'T 32710572', '33?C-65?C-90V-290V-53.5V/15A-GERM4815T', NULL, 'UN'),
	(1503, 'T 32711600', 'MA5616 MultiService Centralized Control', NULL, 'UN'),
	(1504, 'T 32711601', 'MA5616 EPON/GPON/GE TypeC Uplink', NULL, 'UN'),
	(1505, 'T 32711603', 'MA5616 H83D01PDIA01-DC Power Input Unit', NULL, 'UN'),
	(1506, 'T 32712360', 'MA5616 Analog Subscriber DSP Card', NULL, 'UN'),
	(1507, 'T 32712361', 'MA5616 32port VDSL2&POTS Combo&Splitter', NULL, 'UN'),
	(1508, 'T 32712362', 'PAIB MA5616 AC Power Board', NULL, 'UN'),
	(1509, 'T 32712369', 'MA5603T/5600T Connect Power Board', NULL, 'UN'),
	(1510, 'T 32712380', 'Selector de fase externo', NULL, 'UN'),
	(1511, 'T 32712381', 'MA5616 F01S50 Cabinet(Support Battery)', NULL, 'UN'),
	(1512, 'T 32712382', 'MA5616 F01S100 Cabinet(Support Battery)', NULL, 'UN'),
	(1513, 'T 32712383', 'MA5616 MultiService Access Equip.Host', NULL, 'UN'),
	(1514, 'T 32712409', 'MA5603T/5600T S300 Cabinet+Interca.Calor', NULL, 'UN'),
	(1515, 'T 32712411', 'MA5603T/5600T Forwarding Logic Board', NULL, 'UN'),
	(1516, 'T 32712412', 'MA5603T/5600T D500 Cabinet Integration', NULL, 'UN'),
	(1517, 'T 32712413', 'MA5603T/5600T Service Shelf,48V/60V,4Fan', NULL, 'UN'),
	(1518, 'T 32712414', 'Selector de fase externo 2', NULL, 'UN'),
	(1519, 'T 32712684', 'Gabinete Exterior VDSL2 - Crece en ANCHO', NULL, 'UN'),
	(1520, 'T 32713581', 'MA5616 DC 4830 H83E1PDU1,3Input 3Output', NULL, 'UN'),
	(1521, 'T 32713582', 'MA5616 Component Enhance Heat Consumo', NULL, 'UN'),
	(1522, 'T 32713583', 'MA5603T/5600T Middle Service Shelf', NULL, 'UN'),
	(1523, 'T 32713584', 'MA5603T/5600T 48PORTS VDSL2&POTS CVME', NULL, 'UN'),
	(1524, 'T 32713586', 'MA5603T/5600T 64port VOIP Subscriber', NULL, 'UN'),
	(1525, 'T 32713587', 'MA5603T/5600T Sensor de Temperatura', NULL, 'UN'),
	(1526, 'T 32713588', 'MA5603T/5600T Battery Temperature Sensor', NULL, 'UN'),
	(1527, 'T 32713600', 'Engineering Required Delivery Accessory', NULL, 'UN'),
	(1528, 'T 32713711', 'Engineering Required Delivery Accessory', NULL, 'UN'),
	(1529, 'T 32713712', 'Patch Cord,FC/PC,LC/PC,Singlemode,2mm,5m', NULL, 'UN'),
	(1530, 'T 32713714', 'MA561X blank panel', NULL, 'UN'),
	(1531, 'T 32713715', 'Components of Battery for S50', NULL, 'UN'),
	(1532, 'T 32713716', 'Component of Battery-DC Distribute(S100)', NULL, 'UN'),
	(1533, 'T 32713717', 'High protection,without RCD S50', NULL, 'UN'),
	(1534, 'T 32713718', 'High protection,without RCD S100', NULL, 'UN'),
	(1535, 'T 32713730', 'Patch Cord,FC/PC,LC/PC,Singlemode,2mm,5m', NULL, 'UN'),
	(1536, 'T 32713732', 'Blank Panel for Common Interface Board', NULL, 'UN'),
	(1537, 'T 32713733', 'Blank Panel for GIU Board Slot Frame', NULL, 'UN'),
	(1538, 'T 32713734', 'Blank Panel for Service Board Slot', NULL, 'UN'),
	(1539, 'T 32713735', 'Indicator,41mm,Transparent,Lamp,48V', NULL, 'UN'),
	(1540, 'T 32713736', 'GDT Protective Unit', NULL, 'UN'),
	(1541, 'T 32713737', 'Harness,F01S300,64port Cable 4*16pair', NULL, 'UN'),
	(1542, 'T 32713738', 'Harness,F01D500,64port Cable 4*16pair', NULL, 'UN'),
	(1543, 'T 32713740', 'Harness,F01E100,32-port Subscriber Cable', NULL, 'UN'),
	(1544, 'T 32713741', '10pairs ADSL/POTS/VDSL(Board in SPL)', NULL, 'UN'),
	(1545, 'T 32713742', 'IDC Tool', NULL, 'UN'),
	(1546, 'T 32713743', 'Testing Plug', NULL, 'UN'),
	(1547, 'T 32713750', '10-pair Cable Side Strip,white', NULL, 'UN'),
	(1548, 'T 32713751', '10-pair Cable Side Strip(Yellow)', NULL, 'UN'),
	(1549, 'T 32713760', 'Rechargeable battery,VRLA 48V,12Ah,', NULL, 'UN'),
	(1550, 'T 32713762', 'Rechargeable battery,VRLA 48V,92Ah', NULL, 'UN'),
	(1551, 'T 32713799', 'MA5600T-Super Control Unit -H80D00SCUN01', NULL, 'UN'),
	(1552, 'T 32713800', 'MA5600T-2GE Optico/Elect.-H80D00GICK01', NULL, 'UN'),
	(1553, 'T 32713809', 'CPDOT0301 - Power Cable,3.0m,1.2mm', NULL, 'UN'),
	(1554, 'T 32713810', 'CPPOT.501 - Single Cable,PGND Feeder', NULL, 'UN'),
	(1555, 'T 32713811', 'SS-OP-D-LC-S-5-Patch Cord,LC/PC,SM,5m', NULL, 'UN'),
	(1556, 'T 32713812', 'Subscriber Cable,32-Channel,3m,0.4mm', NULL, 'UN'),
	(1557, 'T 31400326', 'POSTE DE OREFV. 9M / R300 LIVISNO ', NULL, 'UN'),
	(1558, 'T 32713817', 'Cable Ext. Tetrapolar 4 mm 3F+N (xmetro)', NULL, 'UN'),
	(1559, 'T 32713818', 'Materiales menores instalacion DSLAM', NULL, 'UN'),
	(1560, 'T 32713856', 'VDSL Placa controladora-H83D00CCUE01', NULL, 'UN'),
	(1561, 'T 32713857', 'VDSL Pinchboard Uplink 2port (sin SFP)', NULL, 'UN'),
	(1562, 'T 32713858', 'VDSL Placa 48 port VDSL2-Vectoring ready', NULL, 'UN'),
	(1563, 'T 32713859', 'VDSL Secondary Power Board-H83D02PDVA01', NULL, 'UN'),
	(1564, 'T 32713860', 'VDSL System Vectoring Processing Board', NULL, 'UN'),
	(1565, 'T 32713864', 'VDSL Alimentacion Trifasica', NULL, 'UN'),
	(1566, NULL, NULL, NULL, 'UN'),
	(1567, NULL, NULL, NULL, 'UN'),
	(1568, NULL, NULL, NULL, 'UN'),
	(1569, NULL, NULL, NULL, 'UN'),
	(1570, NULL, NULL, NULL, 'UN'),
	(1571, 'Ultimo', NULL, NULL, 'UN'),
	(1572, NULL, NULL, NULL, NULL),
	(1573, NULL, NULL, NULL, NULL),
	(1574, NULL, 'NO SE DEBE CAMBIAR LA TABLA DE MATERIALES', NULL, NULL),
	(1575, NULL, 'esta hoja solo es para utiilizarla con filtros', NULL, NULL);
/*!40000 ALTER TABLE `materiales` ENABLE KEYS */;

-- Volcando estructura para tabla k2.materiales_ot
CREATE TABLE IF NOT EXISTS `materiales_ot` (
  `id_material_ot` int(11) NOT NULL AUTO_INCREMENT,
  `codigo` varchar(50) DEFAULT NULL,
  `ot` varchar(20) DEFAULT NULL,
  `cantidad` varchar(20) DEFAULT NULL,
  `usuario` varchar(50) DEFAULT NULL,
  `fchalta` timestamp NOT NULL DEFAULT CURRENT_TIMESTAMP ON UPDATE CURRENT_TIMESTAMP,
  `id_grupo` int(11) DEFAULT NULL,
  PRIMARY KEY (`id_material_ot`)
) ENGINE=InnoDB AUTO_INCREMENT=13 DEFAULT CHARSET=latin1;

-- Volcando datos para la tabla k2.materiales_ot: ~11 rows (aproximadamente)
/*!40000 ALTER TABLE `materiales_ot` DISABLE KEYS */;
INSERT INTO `materiales_ot` (`id_material_ot`, `codigo`, `ot`, `cantidad`, `usuario`, `fchalta`, `id_grupo`) VALUES
	(2, 'T 30100016', '1021394', '10', 'usuario', '2019-05-21 19:34:05', NULL),
	(3, 'T 30100016', '1021396', '180', 'usuario', '2019-05-22 09:39:39', NULL),
	(4, 'T 31400003', '1021396', '35', 'usuario', '2019-05-22 09:41:37', NULL),
	(5, 'T 30100020', '1021396', '5', 'usuario', '2019-05-22 09:48:46', NULL),
	(6, 'T 30100020', '1021396', '5', 'usuario', '2019-05-22 09:48:49', NULL),
	(7, 'T 30100020', '1021396', '5', 'usuario', '2019-05-22 09:48:49', NULL),
	(8, 'T 30100025', '1021397', '85', 'usuario', '2019-05-22 09:57:05', NULL),
	(9, 'T 30100014', '1021407', '10', 'usuario', '2019-09-21 14:56:25', NULL),
	(10, 'material p 1', '0', '13', 'admin', '2019-11-05 08:05:45', 1),
	(11, 'prueba grupo 3', '0', '12', 'admin', '2019-11-05 08:19:59', 1),
	(12, 'prueba grupo 4', '0', '14', 'admin', '2019-11-05 08:20:54', 1);
/*!40000 ALTER TABLE `materiales_ot` ENABLE KEYS */;

-- Volcando estructura para tabla k2.operario
CREATE TABLE IF NOT EXISTS `operario` (
  `id` int(11) NOT NULL AUTO_INCREMENT,
  `nombre` varchar(200) DEFAULT NULL,
  `geren` varchar(200) DEFAULT NULL,
  `password` varchar(200) DEFAULT NULL,
  `imei` varchar(100) DEFAULT NULL,
  `fchalta` timestamp NOT NULL DEFAULT CURRENT_TIMESTAMP ON UPDATE CURRENT_TIMESTAMP,
  PRIMARY KEY (`id`)
) ENGINE=InnoDB AUTO_INCREMENT=14 DEFAULT CHARSET=latin1;

-- Volcando datos para la tabla k2.operario: ~2 rows (aproximadamente)
/*!40000 ALTER TABLE `operario` DISABLE KEYS */;
INSERT INTO `operario` (`id`, `nombre`, `geren`, `password`, `imei`, `fchalta`) VALUES
	(12, 'Luis', 'jmolina', 'luis', '', '2019-04-02 08:57:04'),
	(13, 'TEL01', 'jmolina', 'tel01', '', '2019-05-03 17:49:51');
/*!40000 ALTER TABLE `operario` ENABLE KEYS */;

-- Volcando estructura para tabla k2.ot
CREATE TABLE IF NOT EXISTS `ot` (
  `id` int(11) NOT NULL AUTO_INCREMENT,
  `nro_ot` int(11) DEFAULT NULL,
  `id_loc` int(11) DEFAULT NULL,
  `localidad` varchar(100) DEFAULT NULL,
  `zona` varchar(100) DEFAULT NULL,
  `id_bar` int(11) DEFAULT NULL,
  `barrio` varchar(100) DEFAULT NULL,
  `id_cal` int(11) DEFAULT NULL,
  `calle` varchar(100) DEFAULT NULL,
  `altura` varchar(100) DEFAULT NULL,
  `id_motivo` int(11) DEFAULT NULL,
  `motivo` varchar(100) DEFAULT NULL,
  `cod_empleado_asig` int(11) DEFAULT NULL,
  `nombre_empleado_asig` varchar(100) DEFAULT NULL,
  `cod_cuadrilla_asig` int(11) DEFAULT NULL,
  `contratista_asig` varchar(11) DEFAULT '''''',
  `fchalta` timestamp NOT NULL DEFAULT CURRENT_TIMESTAMP ON UPDATE CURRENT_TIMESTAMP,
  `lat` varchar(30) NOT NULL DEFAULT '-24.7918987',
  `lng` varchar(30) NOT NULL DEFAULT '-65.429728',
  `observacion` varchar(800) DEFAULT NULL,
  PRIMARY KEY (`id`)
) ENGINE=InnoDB AUTO_INCREMENT=1021410 DEFAULT CHARSET=latin1;

-- Volcando datos para la tabla k2.ot: ~13 rows (aproximadamente)
/*!40000 ALTER TABLE `ot` DISABLE KEYS */;
INSERT INTO `ot` (`id`, `nro_ot`, `id_loc`, `localidad`, `zona`, `id_bar`, `barrio`, `id_cal`, `calle`, `altura`, `id_motivo`, `motivo`, `cod_empleado_asig`, `nombre_empleado_asig`, `cod_cuadrilla_asig`, `contratista_asig`, `fchalta`, `lat`, `lng`, `observacion`) VALUES
	(1021389, 1021389, 0, '', '', 0, '', 0, '', '', 0, 'Tendido FO Telecom', 13, 'TEL01', 0, '', '2019-05-15 08:01:01', '-24.7918987', '-65.429728', ''),
	(1021390, 1021390, 0, '', '', 0, '', 0, '', '', 0, 'Tendido FO Telecom METAN', 13, 'TEL01', 0, '', '0000-00-00 00:00:00', '-24.7918987', '-65.429728', NULL),
	(1021399, 1021399, 0, '', '', 0, '', 0, '', '', 0, 'Tritubo RN34', 13, 'TEL01', 0, '', '0000-00-00 00:00:00', '-24.7918987', '-65.429728', ''),
	(1021400, 1021400, 0, '', '', 0, '', 0, '', '', 0, 'prueba nueva 1', 0, 'USUARIO', 0, '', '2019-06-30 19:07:53', '-24.7918987', '-65.429728', 'prueba nueva 1'),
	(1021401, 1021401, 0, '', '', 0, '', 0, '', '', 0, 'nueva prueba', 0, 'USUARIO', 0, '', '2019-07-05 09:20:19', '-24.7918987', '-65.429728', 'nueva prueba observacion'),
	(1021402, 1021402, 0, '', '', 0, '', 0, '', '', 0, 'tarea prueba 112', 0, 'USUARIO', 0, '', '2019-07-10 13:46:36', '-24.7918987', '-65.429728', 'tarea prueba 112'),
	(1021403, 1021403, 0, '', '', 0, '', 0, '', '', 0, 'tarea 123', 0, 'USUARIO', 0, '', '2019-07-10 14:15:52', '-24.7918987', '-65.429728', 'tarea 123 -obs'),
	(1021404, 1021404, 0, '', '', 0, '', 0, '', '', 0, 'prueba 123', 0, 'USUARIO', 0, '', '2019-07-10 14:26:48', '-24.7918987', '-65.429728', 'prueba 123-obs'),
	(1021405, 1021405, 0, '', '', 0, '', 0, '', '', 0, 'prueba 141', 0, 'USUARIO', 0, '', '2019-07-11 13:44:32', '-24.7918987', '-65.429728', 'prueba 141 _observacion'),
	(1021406, 1021406, 0, '', '', 0, '', 0, '', '', 0, 'prueba 3112', 0, 'USUARIO', 0, '', '2019-07-12 11:24:52', '-24.7918987', '-65.429728', 'prueba 3112-obser'),
	(1021407, 1021407, 0, '', '', 0, '', 0, '', '', 0, 'prueba 151', 0, 'USUARIO', 0, '', '2019-07-12 13:47:32', '-24.7918987', '-65.429728', 'prueba 151-observacion'),
	(1021408, 1021408, 0, '', '', 0, '', 0, '', '', 0, 'Tritubo RN34', 13, 'TEL01', 0, '', '0000-00-00 00:00:00', '-24.7918987', '-65.429728', NULL),
	(1021409, 1021409, 0, '', '', 0, '', 0, '', '', 0, 'Tritubo RN34', 13, 'TEL01', 0, '', '0000-00-00 00:00:00', '-24.7918987', '-65.429728', NULL);
/*!40000 ALTER TABLE `ot` ENABLE KEYS */;

-- Volcando estructura para tabla k2.ot_finalizada
CREATE TABLE IF NOT EXISTS `ot_finalizada` (
  `id` int(11) NOT NULL AUTO_INCREMENT,
  `OT` int(11) DEFAULT NULL,
  `fechainicio` varchar(20) DEFAULT NULL,
  `fechafinalizo` varchar(20) DEFAULT NULL,
  `idmotivofinaliza` int(11) DEFAULT NULL,
  `lat` varchar(20) DEFAULT NULL,
  `lng` varchar(20) DEFAULT NULL,
  `altura` varchar(20) DEFAULT NULL,
  `estado` varchar(20) DEFAULT NULL,
  `t` varchar(20) DEFAULT NULL,
  `fch` varchar(20) DEFAULT NULL,
  `fchalta` timestamp NOT NULL DEFAULT CURRENT_TIMESTAMP,
  `LEGAJO` varchar(50) NOT NULL,
  `OBSERVACION` varchar(5000) DEFAULT NULL,
  `CODIGO_CUADRILLA` int(11) DEFAULT NULL,
  PRIMARY KEY (`id`)
) ENGINE=InnoDB AUTO_INCREMENT=65 DEFAULT CHARSET=latin1;

-- Volcando datos para la tabla k2.ot_finalizada: ~15 rows (aproximadamente)
/*!40000 ALTER TABLE `ot_finalizada` DISABLE KEYS */;
INSERT INTO `ot_finalizada` (`id`, `OT`, `fechainicio`, `fechafinalizo`, `idmotivofinaliza`, `lat`, `lng`, `altura`, `estado`, `t`, `fch`, `fchalta`, `LEGAJO`, `OBSERVACION`, `CODIGO_CUADRILLA`) VALUES
	(50, 1021390, '07/06/2019 08:30:17', '', 0, '0.0', '0.0', '', 'A', 'tel01', '07/06/2019 08:30:17', '2019-06-07 08:30:32', '', NULL, NULL),
	(51, 1021390, NULL, '07/06/2019 08:30:32', 5, '0.0', '0.0', '', 'F', 'tel01', '07/06/2019 08:30:32', '2019-06-07 08:30:47', '', NULL, NULL),
	(52, 1021399, '14/06/2019 08:39:16', '', 0, '-24.771239999999995', '-65.42757', '', 'A', 'TEL01', '14/06/2019 08:39:16', '2019-06-14 08:39:19', '', NULL, NULL),
	(53, 1021400, '03/07/2019 21:05:02', '', 0, '-24.81313093731812', '-65.37492006866968', '', 'A', 'usuario', '03/07/2019 21:05:02', '2019-07-03 21:03:48', '', NULL, NULL),
	(54, 1021401, '05/07/2019 09:22:04', '', 0, '-24.788869999999996', '-65.41492833333334', '', 'A', 'usuario', '05/07/2019 09:22:04', '2019-07-05 09:23:24', '', NULL, NULL),
	(55, 1021402, '10/07/2019 13:45:25', '', 0, '-24.789663333333337', '-65.41582333333334', '', 'A', 'usuario', '10/07/2019 13:45:25', '2019-07-10 13:47:12', '', NULL, NULL),
	(56, 1021403, '10/07/2019 14:18:06', '', 0, '-24.788618333333336', '-65.41454', '', 'A', 'usuario', '10/07/2019 14:18:06', '2019-07-10 14:19:52', '', NULL, NULL),
	(57, 1021404, '10/07/2019 14:25:20', '', 0, '-24.788505', '-65.41489333333334', '', 'A', 'usuario', '10/07/2019 14:25:20', '2019-07-10 14:27:02', '', NULL, NULL),
	(58, 1021405, '11/07/2019 13:46:55', '', 0, '-24.788725', '-65.41484166666667', '', 'A', 'usuario', '11/07/2019 13:46:55', '2019-07-11 13:48:38', '', NULL, NULL),
	(59, 1021405, NULL, '11/07/2019 13:47:37', 5, '-24.788723333333337', '-65.41482500000001', '', 'F', 'usuario', '11/07/2019 13:47:37', '2019-07-11 13:49:16', '', NULL, NULL),
	(60, 1021406, '12/07/2019 11:25:19', '', 0, '-24.78868333333333', '-65.41481166666668', '', 'A', 'usuario', '12/07/2019 11:25:19', '2019-07-12 11:25:30', '', NULL, NULL),
	(61, 1021406, NULL, '12/07/2019 11:25:56', 5, '-24.78877', '-65.414795', '', 'F', 'usuario', '12/07/2019 11:25:56', '2019-07-12 11:25:58', '', NULL, NULL),
	(62, 1021407, '21/09/2019 14:12:49', '', 0, '-24.788655401207507', '-65.41474929079413', '', 'A', 'usuario', '21/09/2019 14:12:49', '2019-09-21 14:14:47', '', NULL, NULL),
	(63, 1021408, '28/10/2019 08:39:43', '', 0, '-24.7886278', '-65.4148479', '', 'A', 'tel01', '28/10/2019 08:39:43', '2019-10-28 09:40:09', '', NULL, NULL),
	(64, 1021408, NULL, '28/10/2019 09:39:15', 5, '-24.7886267', '-65.4148495', '', 'F', 'tel01', '28/10/2019 09:39:15', '2019-10-28 10:40:47', '', NULL, NULL);
/*!40000 ALTER TABLE `ot_finalizada` ENABLE KEYS */;

-- Volcando estructura para tabla k2.ot_finalizada_valor
CREATE TABLE IF NOT EXISTS `ot_finalizada_valor` (
  `id` int(11) NOT NULL AUTO_INCREMENT,
  `OT` int(11) DEFAULT NULL,
  `valor` varchar(25000) DEFAULT NULL,
  `fchalta` timestamp NOT NULL DEFAULT CURRENT_TIMESTAMP,
  `paso_id` int(11) DEFAULT NULL,
  PRIMARY KEY (`id`)
) ENGINE=InnoDB AUTO_INCREMENT=69 DEFAULT CHARSET=latin1;

-- Volcando datos para la tabla k2.ot_finalizada_valor: ~68 rows (aproximadamente)
/*!40000 ALTER TABLE `ot_finalizada_valor` DISABLE KEYS */;
INSERT INTO `ot_finalizada_valor` (`id`, `OT`, `valor`, `fchalta`, `paso_id`) VALUES
	(1, 1021375, '1', '2019-02-27 22:14:41', 12),
	(2, 1021373, '', '2019-02-27 22:47:55', 0),
	(3, 1021373, '1', '2019-02-27 22:47:55', 7),
	(4, 1021373, '', '2019-02-27 22:47:56', 0),
	(5, 1021373, '1', '2019-02-27 22:47:56', 7),
	(6, 1021263, '', '2019-02-28 23:31:39', 15),
	(7, 1021374, '1', '2019-03-11 19:31:18', 1),
	(8, 1021374, 'ok 23', '2019-03-11 19:31:18', 2),
	(9, 1021374, 'no', '2019-03-11 19:31:18', 3),
	(10, 1021374, '600', '2019-03-11 19:31:18', 4),
	(11, 1021374, '1', '2019-03-11 19:31:18', 5),
	(12, 1021374, '', '2019-03-11 19:31:18', 0),
	(13, 1021374, '', '2019-03-11 19:31:18', 7),
	(14, 1021374, '', '2019-03-11 19:31:18', 11),
	(15, 1021374, '', '2019-03-11 19:31:18', 12),
	(16, 1021374, '1', '2019-03-11 19:31:18', 13),
	(17, 1021374, '', '2019-03-11 19:31:18', 15),
	(18, 1021376, '10', '2019-03-21 11:03:22', 0),
	(19, 1021376, '1', '2019-03-21 11:03:22', 19),
	(20, 1021386, 'ok', '2019-04-21 19:46:45', 0),
	(21, 1021389, '', '2019-05-17 08:24:00', 0),
	(22, 1021389, '1', '2019-05-17 08:24:00', 0),
	(23, 1021389, '', '2019-05-17 08:24:00', 68),
	(24, 1021389, 'de vuelta 6', '2019-05-17 08:24:00', 0),
	(25, 1021389, '', '2019-05-17 08:24:00', 70),
	(26, 1021389, '', '2019-05-17 08:24:00', 0),
	(27, 1021389, '', '2019-05-17 08:24:00', 72),
	(28, 1021389, '', '2019-05-17 08:24:00', 73),
	(29, 1021394, '10', '2019-05-22 09:24:59', 86),
	(30, 1021395, '10', '2019-05-22 09:34:00', 87),
	(31, 1021396, 'dfg', '2019-05-22 09:48:45', 88),
	(32, 1021396, 'dfg', '2019-05-22 09:48:49', 88),
	(33, 1021396, 'dfg', '2019-05-22 09:48:49', 88),
	(34, 1021397, '10', '2019-05-22 09:57:05', 89),
	(35, 1021390, '', '2019-06-07 08:30:48', 0),
	(36, 1021390, '', '2019-06-07 08:30:49', 0),
	(37, 1021390, '', '2019-06-07 08:30:49', 0),
	(38, 1021390, '', '2019-06-07 08:30:49', 0),
	(39, 1021390, '', '2019-06-07 08:30:50', 0),
	(40, 1021390, '', '2019-06-07 08:30:50', 0),
	(41, 1021390, '', '2019-06-07 08:30:50', 0),
	(42, 1021390, '', '2019-06-07 08:30:50', 0),
	(43, 1021390, '', '2019-06-07 08:30:50', 0),
	(44, 1021390, '', '2019-06-07 08:30:50', 0),
	(45, 1021390, '', '2019-06-07 08:30:50', 0),
	(46, 1021390, '', '2019-06-07 08:30:50', 0),
	(47, 1021390, '', '2019-06-07 08:30:50', 0),
	(48, 1021390, '', '2019-06-07 08:30:50', 0),
	(49, 1021390, '', '2019-06-07 08:30:50', 0),
	(50, 1021390, '', '2019-06-07 08:30:50', 0),
	(51, 1021401, '1', '2019-07-05 09:43:58', 0),
	(52, 1021401, 'efcvhh', '2019-07-05 09:43:58', 103),
	(53, 1021402, 'pruebA', '2019-07-10 13:47:56', 104),
	(54, 1021402, 'ggg', '2019-07-10 13:47:56', 105),
	(55, 1021403, '', '2019-07-10 14:20:17', 0),
	(56, 1021403, '', '2019-07-10 14:20:17', 107),
	(57, 1021404, '2ee', '2019-07-10 14:27:23', 108),
	(58, 1021405, 'rgg', '2019-07-11 13:49:17', 109),
	(59, 1021406, 'admin ', '2019-07-12 11:25:58', 0),
	(60, 1021406, '1', '2019-07-12 11:25:58', 111),
	(61, 1021408, '1', '2019-10-28 10:40:47', 0),
	(62, 1021408, '1', '2019-10-28 10:40:47', 0),
	(63, 1021408, '1', '2019-10-28 10:40:47', 0),
	(64, 1021408, '1234', '2019-10-28 10:40:47', 0),
	(65, 1021408, '1', '2019-10-28 10:40:47', 0),
	(66, 1021408, '1', '2019-10-28 10:40:47', 0),
	(67, 1021408, '1', '2019-10-28 10:40:47', 97),
	(68, 1021408, '1', '2019-10-28 10:40:47', 98);
/*!40000 ALTER TABLE `ot_finalizada_valor` ENABLE KEYS */;

-- Volcando estructura para tabla k2.pasos
CREATE TABLE IF NOT EXISTS `pasos` (
  `id_paso` int(11) NOT NULL,
  `desc_campo` varchar(500) DEFAULT NULL,
  `tipo` varchar(500) DEFAULT NULL,
  `foto` int(11) DEFAULT NULL,
  `obligatorio` int(11) DEFAULT NULL,
  `_id` int(11) NOT NULL AUTO_INCREMENT,
  `ot` int(11) NOT NULL,
  PRIMARY KEY (`_id`)
) ENGINE=InnoDB AUTO_INCREMENT=129 DEFAULT CHARSET=latin1;

-- Volcando datos para la tabla k2.pasos: ~108 rows (aproximadamente)
/*!40000 ALTER TABLE `pasos` DISABLE KEYS */;
INSERT INTO `pasos` (`id_paso`, `desc_campo`, `tipo`, `foto`, `obligatorio`, `_id`, `ot`) VALUES
	(1, 'foto inicio', 'FOTO\r\n', 1, 1, 1, 0),
	(2, 'estados de los postes\r\n', 'CADENA\r\n', 0, 0, 2, 0),
	(3, 'cruces americanos\r\n', 'CADENA\r\n', 0, 1, 3, 0),
	(4, 'distancia\r\n', 'MEDIDA\r\n', 0, 1, 4, 0),
	(5, 'preuba', 'CADENA', 1, 1, 5, 0),
	(0, 'Cargar Cosas', 'FOTO', 1, 0, 6, 1021373),
	(7, 'cortar la caja', 'CADENA', 1, 0, 7, 1021373),
	(11, 'ver distancias', 'CADENA', 1, 0, 11, 1021374),
	(12, 'foto inicial antes de la apertura', 'FOTO', 1, 0, 12, 1021375),
	(13, 'foto de inicio de trabajo', 'FOTO', 1, 0, 13, 1021372),
	(15, 'foto obligatoria', 'FOTO', 1, 0, 15, 1021263),
	(16, 'actividad 01', 'CADENA', 1, 0, 16, 1021152),
	(0, 'prueba cantidad 1', 'CANTIDAD', 1, 0, 18, 1021376),
	(19, 'prueba foto 1', 'FOTO', 1, 0, 19, 1021376),
	(26, 'prueba para borrar', 'CADENA', 1, 0, 26, 1021378),
	(27, 'prueba para borrar 2', 'CADENA', 1, 0, 27, 1021379),
	(36, 'prueba 1-1', 'CADENA', 1, 0, 36, 1021377),
	(37, 'prueba 1-1', 'CADENA', 1, 0, 37, 1021377),
	(0, 'prueba 1-1', 'CADENA', 1, 0, 38, 1021377),
	(39, 'prueba 1-1', 'CADENA', 1, 0, 39, 1021377),
	(40, 'actividad 1', 'CADENA', 1, 0, 40, 1021377),
	(41, 'actividad 2', 'CANTIDAD', 1, 0, 41, 1021377),
	(42, 'ssfsdfsdf', 'CADENA', 0, 0, 42, 1021381),
	(43, 'activiadad con observacion', 'CADENA', 0, 0, 43, 1021382),
	(0, 'prueba con observacion', 'CADENA', 0, 0, 44, 1021383),
	(45, 'prueba con observacion 2', 'CADENA', 0, 0, 45, 1021383),
	(46, 'nueva prueba 01', 'CADENA', 0, 0, 46, 1021384),
	(47, 'demarcacion de area, permisos', 'CADENA', 0, 0, 47, 1021385),
	(48, 'Fotografia lugar de inicio, se debe ver señalizacion', 'FOTO', 1, 0, 48, 1021385),
	(0, 'Fotografia lugar de finalizacion, se debe ver señalizacion', 'FOTO', 1, 0, 49, 1021385),
	(0, 'Longitud zanjeo', 'CANTIDAD', 0, 0, 50, 1021385),
	(51, 'Longitud tritubo', 'CANTIDAD', 0, 0, 51, 1021385),
	(0, 'demarcacion de area, permisos', 'CADENA', 0, 0, 52, 1021386),
	(53, 'Sacar foto inicio tarea', 'FOTO', 1, 0, 53, 1021387),
	(0, 'Foto actividad', 'FOTO', 1, 0, 54, 1021387),
	(0, 'Inicio secuencial tendido', 'CANTIDAD', 0, 0, 55, 1021387),
	(56, 'Fin secuencial tendido', 'CANTIDAD', 0, 0, 56, 1021387),
	(57, 'Mediciones con OTDR', 'CADENA', 0, 0, 57, 1021387),
	(58, 'Sellado camara Grupo electrogeno', 'FOTO', 1, 0, 58, 1021388),
	(0, 'Sellado camara Nº 2 y 3 con armado de marco. Enviar foto de cada camara', 'FOTO', 1, 0, 59, 1021388),
	(60, 'Armar marco camara nº3, antes del ripio. Enmarcar y sellar camara 3 y 4. Preveer que se debe abrir esa camara para terminar de pasar el cable', 'FOTO', 1, 0, 60, 1021388),
	(61, 'Colocar prisionero en caja exterior poder judicial', 'FOTO', 1, 0, 61, 1021388),
	(62, 'Reparar manposteria en el techo poder judicial, antes de ingreso de fibra', 'FOTO', 1, 0, 62, 1021388),
	(63, 'Colocar bajdeja para cambio de altura en Subsuelo', 'FOTO', 1, 0, 63, 1021388),
	(64, 'repasar fijacion de fibra en bandeja poder judicial', 'FOTO', 1, 0, 64, 1021388),
	(65, 'tarea nueva', 'CADENA', 0, 0, 65, 1021386),
	(0, 'Foto secuencial inicio', 'FOTO', 1, 0, 66, 1021389),
	(0, 'Foto secuencial fin', 'FOTO', 1, 0, 67, 1021389),
	(68, 'Describir bufer y fibra a empalmar.', 'CADENA', 0, 0, 68, 1021389),
	(0, 'Cantidad de pelos FO existente', 'CADENA', 0, 0, 69, 1021389),
	(70, 'Foto empalme', 'FOTO', 1, 0, 70, 1021389),
	(0, 'Ubicacion de empalme', 'CADENA', 0, 0, 71, 1021389),
	(72, 'Foto rotulado Telecom, foto vista de rack', 'FOTO', 1, 0, 72, 1021389),
	(73, 'Guardar lectura en ODF, indicar nombre de archivo', 'CADENA', 0, 0, 73, 1021389),
	(75, 'sadf', 'CADENA', 0, 0, 75, 1021391),
	(75, 'sadf', 'CADENA', 0, 0, 76, 1021392),
	(75, 'sadf', 'CADENA', 0, 0, 77, 1021393),
	(0, 'Foto secuencial inicio', 'FOTO', 1, 0, 78, 1021390),
	(0, 'Foto secuencial fin', 'FOTO', 1, 0, 79, 1021390),
	(0, 'Describir bufer y fibra a empalmar.', 'CADENA', 0, 0, 80, 1021390),
	(0, 'Cantidad de pelos FO existente', 'CADENA', 0, 0, 81, 1021390),
	(0, 'Foto empalme', 'FOTO', 1, 0, 82, 1021390),
	(0, 'Ubicacion de empalme', 'CADENA', 0, 0, 83, 1021390),
	(0, 'Foto rotulado Telecom, foto vista de rack', 'FOTO', 1, 0, 84, 1021390),
	(0, 'Guardar lectura en ODF, indicar nombre de archivo', 'CADENA', 0, 0, 85, 1021390),
	(86, 'cosa', 'CADENA', 0, 0, 86, 1021394),
	(87, 'prueba 2', 'CADENA', 0, 0, 87, 1021395),
	(88, 'prueba 2', 'CADENA', 0, 0, 88, 1021396),
	(89, 'prueba', 'CADENA', 0, 0, 89, 1021397),
	(90, 'prueba2', 'CADENA', 0, 0, 90, 1021398),
	(0, 'Apertura zanja foto inicio zanja , latitud/longitud', 'FOTO', 1, 0, 91, 1021399),
	(0, 'Apertura zanja foto FIN zanja , latitud/longitud', 'FOTO', 1, 0, 92, 1021399),
	(0, 'Cruce tuneleado - Medir distancia, foto inicio y fin', 'FOTO', 1, 0, 93, 1021399),
	(0, 'Distancia tuneleado', 'CADENA', 0, 0, 94, 1021399),
	(0, 'Camara lado RP43 - Visualizar profundidad, dimensiones, ubicacion panoramica c/latitud - longitud', 'FOTO', 1, 0, 95, 1021399),
	(0, 'Camaras existentes fotos c/latitud /longitud', 'FOTO', 1, 0, 96, 1021399),
	(97, 'Tendido tritubo foto secuencial inicio, secuencial fin c/lat. y long', 'FOTO', 1, 0, 97, 1021399),
	(98, 'Tendido cinta prevencion  c/lat. y long', 'FOTO', 1, 0, 98, 1021399),
	(99, 'prueba v2', 'CANTIDAD', 0, 0, 99, 1021400),
	(100, 'descripcion', 'CADENA', 0, 0, 100, 1021400),
	(101, 'descripcion', 'FOTO', 1, 0, 101, 1021400),
	(0, 'prueba desc 1', 'FOTO', 1, 0, 102, 1021401),
	(103, 'prueba desc 2', 'CADENA', 0, 0, 103, 1021401),
	(104, 'tarea prueba 112- tarea', 'CADENA', 0, 0, 104, 1021402),
	(105, 'tarea prueba 112- foto', 'CADENA', 0, 0, 105, 1021402),
	(0, 'tarea 123 tarea', 'CADENA', 0, 0, 106, 1021403),
	(107, 'tarea 123 tarea-foto', 'FOTO', 1, 0, 107, 1021403),
	(108, 'prueba 123-5', 'CADENA', 0, 0, 108, 1021404),
	(109, 'prueba 143-12', 'CADENA', 0, 0, 109, 1021405),
	(0, 'prueba 3112-tarea desc', 'CADENA', 0, 0, 110, 1021406),
	(111, 'prueba 3112-tarea foto', 'FOTO', 1, 0, 111, 1021406),
	(112, 'prueba 151-desc', 'CADENA', 0, 0, 112, 1021407),
	(0, 'Apertura zanja foto inicio zanja , latitud/longitud', 'FOTO', 1, 0, 113, 1021408),
	(0, 'Apertura zanja foto FIN zanja , latitud/longitud', 'FOTO', 1, 0, 114, 1021408),
	(0, 'Cruce tuneleado - Medir distancia, foto inicio y fin', 'FOTO', 1, 0, 115, 1021408),
	(0, 'Distancia tuneleado', 'CADENA', 0, 0, 116, 1021408),
	(0, 'Camara lado RP43 - Visualizar profundidad, dimensiones, ubicacion panoramica c/latitud - longitud', 'FOTO', 1, 0, 117, 1021408),
	(0, 'Camaras existentes fotos c/latitud /longitud', 'FOTO', 1, 0, 118, 1021408),
	(97, 'Tendido tritubo foto secuencial inicio, secuencial fin c/lat. y long', 'FOTO', 1, 0, 119, 1021408),
	(120, 'Tendido cinta prevencion  c/lat. y long', 'FOTO', 1, 0, 120, 1021408),
	(0, 'Apertura zanja foto inicio zanja , latitud/longitud', 'FOTO', 1, 0, 121, 1021409),
	(0, 'Apertura zanja foto FIN zanja , latitud/longitud', 'FOTO', 1, 0, 122, 1021409),
	(0, 'Cruce tuneleado - Medir distancia, foto inicio y fin', 'FOTO', 1, 0, 123, 1021409),
	(0, 'Distancia tuneleado', 'CADENA', 0, 0, 124, 1021409),
	(0, 'Camara lado RP43 - Visualizar profundidad, dimensiones, ubicacion panoramica c/latitud - longitud', 'FOTO', 1, 0, 125, 1021409),
	(0, 'Camaras existentes fotos c/latitud /longitud', 'FOTO', 1, 0, 126, 1021409),
	(97, 'Tendido tritubo foto secuencial inicio, secuencial fin c/lat. y long', 'FOTO', 1, 0, 127, 1021409),
	(128, 'Tendido cinta prevencion  c/lat. y long', 'FOTO', 1, 0, 128, 1021409);
/*!40000 ALTER TABLE `pasos` ENABLE KEYS */;

-- Volcando estructura para tabla k2.pasosxtemplate
CREATE TABLE IF NOT EXISTS `pasosxtemplate` (
  `id_pasosxtemplate` int(11) NOT NULL AUTO_INCREMENT,
  `id_paso` int(11) DEFAULT NULL,
  `id_template` int(11) DEFAULT NULL,
  PRIMARY KEY (`id_pasosxtemplate`)
) ENGINE=InnoDB AUTO_INCREMENT=6 DEFAULT CHARSET=latin1;

-- Volcando datos para la tabla k2.pasosxtemplate: ~5 rows (aproximadamente)
/*!40000 ALTER TABLE `pasosxtemplate` DISABLE KEYS */;
INSERT INTO `pasosxtemplate` (`id_pasosxtemplate`, `id_paso`, `id_template`) VALUES
	(1, 1, 2),
	(2, 2, 2),
	(3, 3, 2),
	(4, 4, 2),
	(5, 1, 3);
/*!40000 ALTER TABLE `pasosxtemplate` ENABLE KEYS */;

-- Volcando estructura para tabla k2.pasosxtemplate_view
CREATE TABLE IF NOT EXISTS `pasosxtemplate_view` (
  `id_pasosxtemplate` int(11) DEFAULT NULL,
  `id_paso` int(11) DEFAULT NULL,
  `id_template` int(11) DEFAULT NULL,
  `titulo` varchar(500) DEFAULT NULL,
  `desc_campo` varchar(500) DEFAULT NULL
) ENGINE=InnoDB DEFAULT CHARSET=latin1;

-- Volcando datos para la tabla k2.pasosxtemplate_view: ~0 rows (aproximadamente)
/*!40000 ALTER TABLE `pasosxtemplate_view` DISABLE KEYS */;
/*!40000 ALTER TABLE `pasosxtemplate_view` ENABLE KEYS */;

-- Volcando estructura para tabla k2.pasos_aux
CREATE TABLE IF NOT EXISTS `pasos_aux` (
  `id` int(11) NOT NULL AUTO_INCREMENT,
  `desc_campo` varchar(500) DEFAULT NULL,
  `tipo` varchar(20) DEFAULT NULL,
  `id_grupo` int(11) DEFAULT NULL,
  `session` int(11) DEFAULT NULL,
  PRIMARY KEY (`id`)
) ENGINE=InnoDB AUTO_INCREMENT=10 DEFAULT CHARSET=latin1;

-- Volcando datos para la tabla k2.pasos_aux: ~3 rows (aproximadamente)
/*!40000 ALTER TABLE `pasos_aux` DISABLE KEYS */;
INSERT INTO `pasos_aux` (`id`, `desc_campo`, `tipo`, `id_grupo`, `session`) VALUES
	(7, 'paso1', 'cadena', 1, NULL),
	(8, 'paso2', 'cadena', 1, NULL),
	(9, 'paso3', 'cadena', 1, NULL);
/*!40000 ALTER TABLE `pasos_aux` ENABLE KEYS */;

-- Volcando estructura para tabla k2.productos
CREATE TABLE IF NOT EXISTS `productos` (
  `id` int(11) NOT NULL AUTO_INCREMENT,
  `id_negocio` int(11) DEFAULT '0',
  `descripcion` varchar(200) DEFAULT '0',
  `precio` varchar(50) DEFAULT '0',
  `foto` varchar(100) DEFAULT '0',
  `fchalta` timestamp NOT NULL DEFAULT CURRENT_TIMESTAMP,
  PRIMARY KEY (`id`)
) ENGINE=InnoDB AUTO_INCREMENT=4 DEFAULT CHARSET=latin1;

-- Volcando datos para la tabla k2.productos: ~2 rows (aproximadamente)
/*!40000 ALTER TABLE `productos` DISABLE KEYS */;
INSERT INTO `productos` (`id`, `id_negocio`, `descripcion`, `precio`, `foto`, `fchalta`) VALUES
	(1, 1, 'super pancho', '50', 'https://www.google.com/url?sa=i&url=https%3A%2F%2Fwww.pngwing.com%2Fes%2Ffree-png-nxmvw&psig=AOvVaw1', '2020-08-06 13:28:49'),
	(2, 1, 'panchito', '30', 'https://www.google.com/url?sa=i&url=https%3A%2F%2Fwww.pngwing.com%2Fes%2Ffree-png-nxmvw&psig=AOvVaw1', '2020-08-06 13:50:28'),
	(3, 1, 'panchito', '45', 'https://www.google.com/url?sa=i&url=https%3A%2F%2Fwww.pngwing.com%2Fes%2Ffree-png-nxmvw&psig=AOvVaw1', '2020-08-06 13:50:57');
/*!40000 ALTER TABLE `productos` ENABLE KEYS */;

-- Volcando estructura para tabla k2.roles
CREATE TABLE IF NOT EXISTS `roles` (
  `id` int(11) NOT NULL AUTO_INCREMENT,
  `nombre` varchar(255) NOT NULL,
  `fchalta` timestamp NOT NULL DEFAULT CURRENT_TIMESTAMP ON UPDATE CURRENT_TIMESTAMP,
  `fchcad` timestamp NOT NULL DEFAULT '0000-00-00 00:00:00',
  `modulo` varchar(10) DEFAULT NULL,
  PRIMARY KEY (`id`)
) ENGINE=InnoDB AUTO_INCREMENT=5 DEFAULT CHARSET=latin1;

-- Volcando datos para la tabla k2.roles: ~4 rows (aproximadamente)
/*!40000 ALTER TABLE `roles` DISABLE KEYS */;
INSERT INTO `roles` (`id`, `nombre`, `fchalta`, `fchcad`, `modulo`) VALUES
	(1, 'admin', '2019-01-14 12:13:37', '0000-00-00 00:00:00', 'OT'),
	(2, 'operario', '2019-01-14 12:13:37', '0000-00-00 00:00:00', 'OT'),
	(3, 'inspector', '2019-01-14 12:13:37', '0000-00-00 00:00:00', 'OT'),
	(4, 'super-inspector', '2019-01-14 12:13:37', '0000-00-00 00:00:00', 'OT');
/*!40000 ALTER TABLE `roles` ENABLE KEYS */;

-- Volcando estructura para tabla k2.sincronizar
CREATE TABLE IF NOT EXISTS `sincronizar` (
  `id` int(11) NOT NULL AUTO_INCREMENT,
  `envio` text,
  `tipo` text,
  `valor` text,
  `lat` text,
  `lng` text,
  `fchalta` timestamp NOT NULL DEFAULT CURRENT_TIMESTAMP ON UPDATE CURRENT_TIMESTAMP,
  `usuario` text,
  `imei` text,
  `precision` text,
  `gps` int(11) DEFAULT NULL,
  `red` int(11) DEFAULT NULL,
  `version` text,
  `aplicacion` text,
  `actualizada` varchar(1) DEFAULT NULL,
  PRIMARY KEY (`id`)
) ENGINE=InnoDB DEFAULT CHARSET=latin1;

-- Volcando datos para la tabla k2.sincronizar: ~0 rows (aproximadamente)
/*!40000 ALTER TABLE `sincronizar` DISABLE KEYS */;
/*!40000 ALTER TABLE `sincronizar` ENABLE KEYS */;

-- Volcando estructura para tabla k2.template
CREATE TABLE IF NOT EXISTS `template` (
  `id_template` int(11) NOT NULL,
  `desc_template` varchar(500) DEFAULT NULL,
  `observacion` varchar(1500) DEFAULT NULL,
  `titulo` varchar(500) DEFAULT NULL,
  `_id` int(11) NOT NULL AUTO_INCREMENT,
  PRIMARY KEY (`_id`)
) ENGINE=InnoDB AUTO_INCREMENT=4 DEFAULT CHARSET=latin1;

-- Volcando datos para la tabla k2.template: ~3 rows (aproximadamente)
/*!40000 ALTER TABLE `template` DISABLE KEYS */;
INSERT INTO `template` (`id_template`, `desc_template`, `observacion`, `titulo`, `_id`) VALUES
	(1, 'NORMAL', 'NORMAL', 'NORMAL', 1),
	(2, 'Obra N\r\nNombre Contacto\r\nTelefono Contacto\r\nOtros', 'Plano\r\nPermisos\r\nPerro\r\nCredenciales\r\nLlave central', 'Relevamiento Tendido', 2),
	(3, 'prueba23', 'preuba 23', 'prueba3', 3);
/*!40000 ALTER TABLE `template` ENABLE KEYS */;

-- Volcando estructura para tabla k2.template_view
CREATE TABLE IF NOT EXISTS `template_view` (
  `id` int(11) DEFAULT NULL,
  `motivo` varchar(100) DEFAULT NULL,
  `cantidad_pasos` bigint(21) DEFAULT NULL
) ENGINE=InnoDB DEFAULT CHARSET=latin1;

-- Volcando datos para la tabla k2.template_view: ~0 rows (aproximadamente)
/*!40000 ALTER TABLE `template_view` DISABLE KEYS */;
/*!40000 ALTER TABLE `template_view` ENABLE KEYS */;

-- Volcando estructura para tabla k2.usuario
CREATE TABLE IF NOT EXISTS `usuario` (
  `usuario` varchar(100) DEFAULT NULL,
  `password` varchar(100) NOT NULL DEFAULT '123456',
  `id` int(11) NOT NULL AUTO_INCREMENT,
  `mail` varchar(100) DEFAULT NULL,
  `tipo` int(11) NOT NULL DEFAULT '1',
  `fchalta` timestamp NOT NULL DEFAULT CURRENT_TIMESTAMP,
  `IMEI` varchar(50) NOT NULL DEFAULT '',
  PRIMARY KEY (`id`)
) ENGINE=InnoDB DEFAULT CHARSET=latin1;

-- Volcando datos para la tabla k2.usuario: ~0 rows (aproximadamente)
/*!40000 ALTER TABLE `usuario` DISABLE KEYS */;
/*!40000 ALTER TABLE `usuario` ENABLE KEYS */;

-- Volcando estructura para tabla k2.usuarios
CREATE TABLE IF NOT EXISTS `usuarios` (
  `id` int(11) NOT NULL AUTO_INCREMENT,
  `usuario` varchar(50) NOT NULL,
  `email` varchar(100) NOT NULL,
  `password` varchar(150) NOT NULL,
  `rol_id` int(11) DEFAULT NULL,
  `fchalta` timestamp NOT NULL DEFAULT CURRENT_TIMESTAMP ON UPDATE CURRENT_TIMESTAMP,
  `fchultimoacceso` timestamp NOT NULL DEFAULT '0000-00-00 00:00:00',
  `fchcad` timestamp NOT NULL DEFAULT '0000-00-00 00:00:00',
  `geren` text,
  `modulo` varchar(100) DEFAULT NULL,
  PRIMARY KEY (`id`)
) ENGINE=InnoDB AUTO_INCREMENT=9 DEFAULT CHARSET=latin1;

-- Volcando datos para la tabla k2.usuarios: ~8 rows (aproximadamente)
/*!40000 ALTER TABLE `usuarios` DISABLE KEYS */;
INSERT INTO `usuarios` (`id`, `usuario`, `email`, `password`, `rol_id`, `fchalta`, `fchultimoacceso`, `fchcad`, `geren`, `modulo`) VALUES
	(1, 'usuario', 'info@prueba.com.ar', '9250e222c4c71f0c58d4c54b50a880a312e9f9fed55d5c3aa0b0e860ded99165', 3, '2019-01-14 12:15:14', '0000-00-00 00:00:00', '0000-00-00 00:00:00', 'S', 'ot'),
	(2, '50928', 'info@prueba.com.ar', '9250e222c4c71f0c58d4c54b50a880a312e9f9fed55d5c3aa0b0e860ded99165', 2, '2019-01-14 12:15:14', '0000-00-00 00:00:00', '0000-00-00 00:00:00', 'S', 'ot'),
	(3, '50926', 'info@prueba.com.ar', '9250e222c4c71f0c58d4c54b50a880a312e9f9fed55d5c3aa0b0e860ded99165', 2, '2019-01-14 12:15:14', '0000-00-00 00:00:00', '0000-00-00 00:00:00', 'S', 'ot'),
	(4, '50842', 'info@prueba.com.ar', '9250e222c4c71f0c58d4c54b50a880a312e9f9fed55d5c3aa0b0e860ded99165', 2, '2019-01-14 12:15:14', '0000-00-00 00:00:00', '0000-00-00 00:00:00', 'S', 'ot'),
	(5, 'admin', 'info@prueba.com.ar', '123456', 1, '2019-01-14 12:15:14', '0000-00-00 00:00:00', '0000-00-00 00:00:00', 'S', 'admin'),
	(6, 'jmolina', 'info@prueba.com.ar', '123456', 1, '2019-03-16 20:33:28', '0000-00-00 00:00:00', '0000-00-00 00:00:00', 'S', 'admin'),
	(7, 'p1', 'p1@jg.com', '123', 1, '0000-00-00 00:00:00', '0000-00-00 00:00:00', '0000-00-00 00:00:00', 'x', 'x'),
	(8, 'nuevo', 'nuevo', 'nuevo', 1, '2001-01-01 00:00:00', '2001-01-01 00:00:00', '0000-00-00 00:00:00', '1', '1');
/*!40000 ALTER TABLE `usuarios` ENABLE KEYS */;

/*!40101 SET SQL_MODE=IFNULL(@OLD_SQL_MODE, '') */;
/*!40014 SET FOREIGN_KEY_CHECKS=IF(@OLD_FOREIGN_KEY_CHECKS IS NULL, 1, @OLD_FOREIGN_KEY_CHECKS) */;
/*!40101 SET CHARACTER_SET_CLIENT=@OLD_CHARACTER_SET_CLIENT */;
